id,no_surat,ayat_surat,word,trans,rowlabel,maxrow
75866,83,16,إِنَّهُمْ,"""indeed",74,
75867,83,16,لَصَالُوا,(surely) will burn,75,
75868,83,16,الْجَحِيمِ,(in) the Hellfire.,76,
75135,78,5,ثُمَّ,Then,12,
75136,78,5,كَلَّا,Nay!,13,
75137,78,5,سَيَعْلَمُونَ,(soon) they will know.,14,
75138,78,6,أَلَمْ,Have not,15,
75139,78,6,نَجْعَلِ,We made,16,
75141,78,6,مِهَادًا,a resting place?,18,
75143,78,7,أَوْتَادًا,"""(as) pegs",20,
75175,78,17,الْفَصْلِ,(of) the Judgment,52,
75347,79,16,طُوًى,"""(of)",51,
75358,79,18,تَزَكَّى,purify yourself?,62,
75519,80,15,بِأَيْدِي,In (the) hands,44,
75520,80,15,سَفَرَةٍ,(of) scribes.,45,
75521,80,16,كِرَامٍ,"""Noble",46,
75522,80,16,بَرَرَةٍ,dutiful.,47,
75820,83,7,كِتَابَ,(the) record,28,
75821,83,7,الْفُجَّارِ,(of) the wicked,29,
75824,83,8,وَمَا,And what,32,
75825,83,8,أَدْرَاكَ,can make you know,33,
75826,83,8,مَا,what,34,
75827,83,8,سِجِّينٌ,(is) Sijjin?,35,
75862,83,15,رَبِّهِمْ,their Lord,70,
75863,83,15,يَوْمَئِذٍ,that Day,71,
75869,83,17,ثُمَّ,Then,77,
75870,83,17,يُقَالُ,"""it will be said",78,
75871,83,17,هَذَا,"""""""This""",79,
75872,83,17,الَّذِي,(is) what,80,
75873,83,17,كُنْتُمْ,you used to,81,
75874,83,17,بِهِ,[of it],82,
75875,83,17,تُكَذِّبُونَ,"""deny.""""""",83,
75876,83,18,كَلَّا,Nay!,84,
75877,83,18,إِنَّ,"""Indeed",85,
75878,83,18,كِتَابَ,(the) record,86,
75879,83,18,الْأَبْرَارِ,(of) the righteous,87,
75880,83,18,لَفِي,(will be) surely in,88,
75881,83,18,عِلِّيِّينَ,Illiyin.,89,
75882,83,19,وَمَا,And what,90,
75883,83,19,أَدْرَاكَ,can make you know,91,
75884,83,19,مَا,what,92,
75885,83,19,عِلِّيُّونَ,(is) Illiyun?,93,
75886,83,20,كِتَابٌ,A book,94,
75887,83,20,مَرْقُومٌ,"""written",95,
75888,83,21,يَشْهَدُهُ,Witness it,96,
75889,83,21,الْمُقَرَّبُونَ,those brought near.,97,
75890,83,22,إِنَّ,"""Indeed",98,
75891,83,22,الْأَبْرَارَ,the righteous,99,
75892,83,22,لَفِي,(will be) surely in,100,
75893,83,22,نَعِيمٍ,"""bliss",101,
75894,83,23,عَلَى,On,102,
75895,83,23,الْأَرَائِكِ,thrones,103,
75896,83,23,يَنْظُرُونَ,observing.,104,
75897,83,24,تَعْرِفُ,You will recognize,105,
75898,83,24,فِي,in,106,
75899,83,24,وُجُوهِهِمْ,their faces,107,
75900,83,24,نَضْرَةَ,(the) radiance,108,
75901,83,24,النَّعِيمِ,(of) bliss.,109,
75902,83,25,يُسْقَوْنَ,They will be given to drink,110,
75983,84,6,رَبِّكَ,your Lord,22,
75984,84,6,كَدْحًا,(with) exertion,23,
75985,84,6,فَمُلَاقِيهِ,and you (will) meet Him.,24,
75986,84,7,فَأَمَّا,Then as for,25,
76560,90,5,عَلَيْهِ,over him,21,
76561,90,5,أَحَدٌ,anyone?,22,
76562,90,6,يَقُولُ,"""He will say",23,
76563,90,6,أَهْلَكْتُ,"""""""I have squandered""",24,
75126,78,2,عَنِ,About,3,
75130,78,3,هُمْ,they,7,
75131,78,3,فِيهِ,(are) concerning it,8,
75132,78,3,مُخْتَلِفُونَ,(in) disagreement.,9,
75133,78,4,كَلَّا,Nay!,10,
75134,78,4,سَيَعْلَمُونَ,(soon) they will know.,11,
75524,80,17,الْإِنْسَانُ,"""[the] man",49,
75525,80,17,مَا,how,50,
75822,83,7,لَفِي,(is) surely in,30,
75823,83,7,سِجِّينٍ,Sijjin.,31,
75864,83,15,لَمَحْجُوبُونَ,surely will be partitioned.,72,
75865,83,16,ثُمَّ,Then,73,
76564,90,6,مَالًا,wealth,25,
76571,90,8,أَلَمْ,Have not,32,
76572,90,8,نَجْعَلْ,We made,33,
76573,90,8,لَهُ,for him,34,
76574,90,8,عَيْنَيْنِ,two eyes?,35,
76575,90,9,وَلِسَانًا,"""And a tongue",36,
76576,90,9,وَشَفَتَيْنِ,and two lips?,37,
75542,80,22,إِذَا,when,67,
75543,80,22,شَاءَ,"""He wills",68,
75544,80,22,أَنْشَرَهُ,He will resurrect him.,69,
75545,80,23,كَلَّا,Nay!,70,
75546,80,23,لَمَّا,Not,71,
75547,80,23,يَقْضِ,he has accomplished,72,
75560,80,26,الْأَرْضَ,the earth,85,
75561,80,26,شَقًّا,"""splitting",86,
75562,80,27,فَأَنْبَتْنَا,Then We caused to grow,87,
75563,80,27,فِيهَا,therein,88,
75564,80,27,حَبًّا,"""grain",89,
75565,80,28,وَعِنَبًا,And grapes,90,
75566,80,28,وَقَضْبًا,"""and green fodder",91,
75567,80,29,وَزَيْتُونًا,And olive,92,
76956,98,1,الْكِتَابِ,of the Book,7,
75571,80,31,وَفَاكِهَةً,And fruits,96,
75572,80,31,وَأَبًّا,"""and grass",97,
75573,80,32,مَتَاعًا,(As) a provision,98,
75574,80,32,لَكُمْ,for you,99,
75828,83,9,كِتَابٌ,A book,36,
75829,83,9,مَرْقُومٌ,written.,37,
75830,83,10,وَيْلٌ,Woe,38,
75831,83,10,يَوْمَئِذٍ,that Day,39,
75832,83,10,لِلْمُكَذِّبِينَ,"""to the deniers",40,
75833,83,11,الَّذِينَ,Those who,41,
75834,83,11,يُكَذِّبُونَ,deny,42,
76552,90,4,خَلَقْنَا,We have created,13,
76553,90,4,الْإِنْسَانَ,man,14,
76846,95,8,بِأَحْكَمِ,(the) Most Just,33,
76944,97,4,أَمْرٍ,"""affair",25,
76945,97,5,سَلَامٌ,Peace,26,
76946,97,5,هِيَ,it (is),27,
76947,97,5,حَتَّى,until,28,
76948,97,5,مَطْلَعِ,(the) emergence,29,
76949,97,5,الْفَجْرِ,(of) the dawn.,30,
76950,98,1,لَمْ,Not,1,
76951,98,1,يَكُنِ,were,2,
76952,98,1,الَّذِينَ,those who,3,
76953,98,1,كَفَرُوا,disbelieved,4,
76954,98,1,مِنْ,from,5,
75235,78,33,أَتْرَابًا,"""well-matched",112,
75236,78,34,وَكَأْسًا,And a cup,113,
75237,78,34,دِهَاقًا,full.,114,
75238,78,35,لَا,Not,115,
75239,78,35,يَسْمَعُونَ,they will hear,116,
75240,78,35,فِيهَا,therein,117,
75241,78,35,لَغْوًا,any vain talk,118,
75242,78,35,وَلَا,and not,119,
75244,78,36,جَزَاءً,(As) a reward,121,
75245,78,36,مِنْ,from,122,
75246,78,36,رَبِّكَ,"""your Lord",123,
75247,78,36,عَطَاءً,a gift,124,
75249,78,37,رَبِّ,Lord,126,
75330,79,12,خَاسِرَةٌ,"""losing.""""""",34,
75532,80,19,نُطْفَةٍ,a semen-drop,57,
75533,80,19,خَلَقَهُ,"""He created him",58,
75534,80,19,فَقَدَّرَهُ,"""then He proportioned him",59,
75535,80,20,ثُمَّ,Then,60,
75536,80,20,السَّبِيلَ,"""the way",61,
75537,80,20,يَسَّرَهُ,"""He made easy for him",62,
75538,80,21,ثُمَّ,Then,63,
75539,80,21,أَمَاتَهُ,He causes him to die,64,
75541,80,22,ثُمَّ,Then,66,
75568,80,29,وَنَخْلًا,"""and date-palms",93,
75570,80,30,غُلْبًا,"""(of) thick foliage",95,
76955,98,1,أَهْلِ,(the) People,6,
75517,80,14,مَرْفُوعَةٍ,"""Exalted",42,
75355,79,18,لَكَ,[for] you,59,
75356,79,18,إِلَى,[to],60,
75357,79,18,أَنْ,[that],61,
75360,79,19,إِلَى,to,64,
75361,79,19,رَبِّكَ,your Lord,65,
75655,81,16,الْجَوَارِ,Those that run,47,
75656,81,16,الْكُنَّسِ,"""(and) disappear",48,
75657,81,17,وَاللَّيْلِ,And the night,49,
75658,81,17,إِذَا,when,50,
75659,81,17,عَسْعَسَ,"""it departs",51,
75660,81,18,وَالصُّبْحِ,And the dawn,52,
75661,81,18,إِذَا,when,53,
75662,81,18,تَنَفَّسَ,it breathes,54,
75667,81,20,ذِي,Possessor of,59,
75668,81,20,قُوَّةٍ,"""power",60,
75669,81,20,عِنْدَ,with,61,
75362,79,19,فَتَخْشَى,"""so you would fear.""""""",66,
75363,79,20,فَأَرَاهُ,Then he showed him,67,
75364,79,20,الْءَايَةَ,the sign,68,
75365,79,20,الْكُبْرَى,the great.,69,
75518,80,14,مُطَهَّرَةٍ,"""purified",43,
75526,80,17,أَكْفَرَهُ,ungrateful is he!,51,
75527,80,18,مِنْ,From,52,
75528,80,18,أَيِّ,what,53,
75529,80,18,شَيْءٍ,thing,54,
75530,80,18,خَلَقَهُ,He created him?,55,
75531,80,19,مِنْ,From,56,
75649,81,14,نَفْسٌ,a soul,41,
75651,81,14,أَحْضَرَتْ,it has brought.,43,
75652,81,15,فَلَا,But nay!,44,
75653,81,15,أُقْسِمُ,I swear,45,
75654,81,15,بِالْخُنَّسِ,"""by the retreating planets",46,
75663,81,19,إِنَّهُ,"""Indeed",55,
75664,81,19,لَقَوْلُ,(is) surely a word,56,
75665,81,19,رَسُولٍ,(of) a Messenger,57,
75666,81,19,كَرِيمٍ,"""noble",58,
75670,81,20,ذِي,(the) Owner of,62,
75671,81,20,الْعَرْشِ,the Throne,63,
75672,81,20,مَكِينٍ,"""secure",64,
75673,81,21,مُطَاعٍ,One to be obeyed,65,
75680,81,23,رَءَاهُ,he saw,72,
75681,81,23,بِالْأُفُقِ,in the horizon,73,
76130,85,11,لَهُمْ,for them,62,
76140,85,12,بَطْشَ,(the) Grip,72,
76145,85,13,يُبْدِئُ,originates,77,
76152,85,15,الْمَجِيدُ,"""the Glorious",84,
76163,85,19,الَّذِينَ,Those who,95,
76173,85,21,قُرْءَانٌ,(is) a Quran,105,
76179,86,1,وَالطَّارِقِ,"""and the night comer",2,
76187,86,4,كُلُّ,(is) every,10,
76188,86,4,نَفْسٍ,soul,11,
76192,86,5,فَلْيَنْظُرِ,So let see,15,
76195,86,5,خُلِقَ,he is created.,18,
76196,86,6,خُلِقَ,He is created,19,
75366,79,21,فَكَذَّبَ,But he denied,70,
75367,79,21,وَعَصَى,and disobeyed.,71,
75368,79,22,ثُمَّ,Then,72,
75674,81,21,ثَمَّ,and,66,
75675,81,21,أَمِينٍ,"""trustworthy",67,
75676,81,22,وَمَا,And not,68,
75677,81,22,صَاحِبُكُمْ,(is) your companion,69,
75678,81,22,بِمَجْنُونٍ,mad.,70,
75679,81,23,وَلَقَدْ,And certainly,71,
76197,86,6,مِنْ,from,20,
75348,79,17,اذْهَبْ,"""""""Go""",52,
75349,79,17,إِلَى,to,53,
75351,79,17,إِنَّهُ,"""Indeed",55,
75352,79,17,طَغَى,(has) transgressed.,56,
75353,79,18,فَقُلْ,"""And say",57,
75354,79,18,هَلْ,"""""""Would""",58,
75369,79,22,أَدْبَرَ,"""he turned his back",73,
76198,86,6,مَاءٍ,"""a water",21,
76199,86,6,دَافِقٍ,"""ejected",22,
76200,86,7,يَخْرُجُ,Coming forth,23,
76201,86,7,مِنْ,from,24,
76202,86,7,بَيْنِ,between,25,
76203,86,7,الصُّلْبِ,the backbone,26,
76204,86,7,وَالتَّرَائِبِ,and the ribs.,27,
76205,86,8,إِنَّهُ,"""Indeed",28,
76206,86,8,عَلَى,to,29,
76207,86,8,رَجْعِهِ,return him,30,
76208,86,8,لَقَادِرٌ,(is) Able.,31,
76681,92,2,تَجَلَّى,"""it shines in brightness",6,
76683,92,3,خَلَقَ,created,8,
76684,92,3,الذَّكَرَ,the male,9,
76685,92,3,وَالْأُنْثَى,"""and the female",10,
76686,92,4,إِنَّ,"""Indeed",11,
76687,92,4,سَعْيَكُمْ,your efforts,12,
76688,92,4,لَشَتَّى,(are) surely diverse.,13,
76878,96,8,الرُّجْعَى,(is) the return.,31,
76879,96,9,أَرَءَيْتَ,Have you seen,32,
76880,96,9,الَّذِي,the one who,33,
76881,96,9,يَنْهَى,forbids,34,
76885,96,11,أَرَءَيْتَ,Have you seen,38,
76886,96,11,إِنْ,if,39,
76887,96,11,كَانَ,he is,40,
76888,96,11,عَلَى,upon,41,
76889,96,11,الْهُدَى,"""[the] guidance",42,
76890,96,12,أَوْ,Or,43,
76892,96,12,بِالتَّقْوَى,[of the] righteousness?,45,
75481,80,3,وَمَا,But what,6,
75482,80,3,يُدْرِيكَ,would make you know,7,
75483,80,3,لَعَلَّهُ,that he might,8,
75484,80,3,يَزَّكَّى,"""purify himself",9,
75485,80,4,أَوْ,Or,10,
75487,80,4,فَتَنْفَعَهُ,so would benefit him,12,
75488,80,4,الذِّكْرَى,the reminder?,13,
75489,80,5,أَمَّا,As for,14,
76209,86,9,يَوْمَ,(The) Day,32,
76210,86,9,تُبْلَى,will be tested,33,
76214,86,10,مِنْ,any,37,
76215,86,10,قُوَّةٍ,power,38,
76689,92,5,فَأَمَّا,Then as for,14,
76690,92,5,مَنْ,(him) who,15,
76691,92,5,أَعْطَى,gives,16,
76877,96,8,رَبِّكَ,your Lord,30,
76891,96,12,أَمَرَ,he enjoins,44,
76893,96,13,أَرَءَيْتَ,Have you seen,46,
76894,96,13,إِنْ,if,47,
76895,96,13,كَذَّبَ,he denies,48,
76896,96,13,وَتَوَلَّى,and turns away?,49,
75459,79,44,إِلَى,To,163,
75460,79,44,رَبِّكَ,your Lord,164,
75461,79,44,مُنْتَهَاهَا,(is) its finality.,165,
75462,79,45,إِنَّمَا,Only,166,
75465,79,45,مَنْ,(for him) who,169,
75466,79,45,يَخْشَاهَا,fears it.,170,
75469,79,46,يَرَوْنَهَا,"""they see it",173,
75470,79,46,لَمْ,not,174,
75471,79,46,يَلْبَثُوا,they had remained,175,
75472,79,46,إِلَّا,except,176,
75473,79,46,عَشِيَّةً,an evening,177,
75474,79,46,أَوْ,or,178,
75475,79,46,ضُحَاهَا,a morning thereof.,179,
75476,80,1,عَبَسَ,He frowned,1,
75477,80,1,وَتَوَلَّى,"""and turned away",2,
75478,80,2,أَنْ,Because,3,
75479,80,2,جَاءَهُ,came to him,4,
75480,80,2,الْأَعْمَى,the blind man.,5,
75490,80,5,مَنِ,(him) who,15,
75491,80,5,اسْتَغْنَى,"""considers himself free from need",16,
75492,80,6,فَأَنْتَ,So you,17,
75467,79,46,كَأَنَّهُمْ,"""As though they",171,
75468,79,46,يَوْمَ,(the) Day,172,
76216,86,10,وَلَا,and not,39,
76217,86,10,نَاصِرٍ,any helper.,40,
76218,86,11,وَالسَّمَاءِ,By the sky,41,
76219,86,11,ذَاتِ,which,42,
76220,86,11,الرَّجْعِ,"""returns",43,
76221,86,12,وَالْأَرْضِ,And the earth,44,
76222,86,12,ذَاتِ,which,45,
76223,86,12,الصَّدْعِ,"""cracks open",46,
76224,86,13,إِنَّهُ,"""Indeed",47,
76225,86,13,لَقَوْلٌ,(is) surely a Word,48,
76226,86,13,فَصْلٌ,"""decisive",49,
76227,86,14,وَمَا,And not,50,
76228,86,14,هُوَ,it,51,
76229,86,14,بِالْهَزْلِ,(is) for amusement.,52,
76230,86,15,إِنَّهُمْ,"""Indeed",53,
76231,86,15,يَكِيدُونَ,are plotting,54,
76232,86,15,كَيْدًا,"""a plot",55,
76233,86,16,وَأَكِيدُ,But I am panning,56,
75617,81,3,سُيِّرَتْ,"""are moved away",9,
75618,81,4,وَإِذَا,And when,10,
75619,81,4,الْعِشَارُ,the full-term she-camels,11,
75620,81,4,عُطِّلَتْ,(are) left untended;,12,
75625,81,6,الْبِحَارُ,the seas,17,
75626,81,6,سُجِّرَتْ,"""are made to overflow",18,
75627,81,7,وَإِذَا,And when,19,
75628,81,7,النُّفُوسُ,the souls,20,
75650,81,14,مَا,what,42,
76234,86,16,كَيْدًا,a plan.,57,
76235,86,17,فَمَهِّلِ,So give respite,58,
76236,86,17,الْكَافِرِينَ,(to) the disbelievers.,59,
76254,87,5,أَحْوَى,dark.,16,
76255,87,6,سَنُقْرِئُكَ,We will make you recite,17,
76257,87,6,تَنْسَى,"""you will forget",19,
76258,87,7,إِلَّا,Except,20,
76260,87,7,شَاءَ,wills,22,
76899,96,14,بِأَنَّ,that,52,
76900,96,14,اللَّهَ,Allah,53,
76903,96,15,لَئِنْ,If,56,
76905,96,15,يَنْتَهِ,"""he desists",58,
76906,96,15,لَنَسْفَعًا,surely We will drag him,59,
76907,96,15,بِالنَّاصِيَةِ,"""by the forelock",60,
75621,81,5,وَإِذَا,And when,13,
75622,81,5,الْوُحُوشُ,the wild beasts,14,
76908,96,16,نَاصِيَةٍ,A forelock,61,
76909,96,16,كَاذِبَةٍ,"""lying",62,
76910,96,16,خَاطِئَةٍ,sinful.,63,
76911,96,17,فَلْيَدْعُ,Then let him call,64,
76916,96,19,لَا,(Do) not,69,
76922,97,1,فِي,in,3,
76923,97,1,لَيْلَةِ,(the) Night,4,
76929,97,2,الْقَدْرِ,(of) Power (is)?,10,
76930,97,3,لَيْلَةُ,(The) Night,11,
76931,97,3,الْقَدْرِ,(of) Power,12,
76932,97,3,خَيْرٌ,(is) better,13,
76933,97,3,مِنْ,than,14,
76934,97,3,أَلْفِ,a thousand,15,
76935,97,3,شَهْرٍ,month(s).,16,
76936,97,4,تَنَزَّلُ,Descend,17,
76937,97,4,الْمَلَائِكَةُ,the Angels,18,
76973,98,4,الَّذِينَ,those who,24,
76974,98,4,أُوتُوا,were given,25,
76975,98,4,الْكِتَابَ,"""the Book",26,
76976,98,4,إِلَّا,until,27,
76977,98,4,مِنْ,from,28,
76978,98,4,بَعْدِ,after,29,
76979,98,4,مَا,what,30,
76980,98,4,جَاءَتْهُمُ,came (to) them,31,
76981,98,4,الْبَيِّنَةُ,(of) the clear evidence.,32,
76982,98,5,وَمَا,And not,33,
76983,98,5,أُمِرُوا,they were commanded,34,
76985,98,5,لِيَعْبُدُوا,to worship,36,
76986,98,5,اللَّهَ,Allah,37,
76987,98,5,مُخْلِصِينَ,(being) sincere,38,
76988,98,5,لَهُ,to Him,39,
76989,98,5,الدِّينَ,"""(in) the religion",40,
76990,98,5,حُنَفَاءَ,"""upright",41,
76991,98,5,وَيُقِيمُوا,and to establish,42,
76992,98,5,الصَّلَوةَ,"""the prayer",43,
76993,98,5,وَيُؤْتُوا,and to give,44,
76994,98,5,الزَّكَوةَ,the zakah,45,
76995,98,5,وَذَلِكَ,And that,46,
76996,98,5,دِينُ,(is the) religion,47,
76997,98,5,الْقَيِّمَةِ,the correct.,48,
76998,98,6,إِنَّ,"""Indeed",49,
76999,98,6,الَّذِينَ,those who,50,
77000,98,6,كَفَرُوا,disbelieve,51,
77001,98,6,مِنْ,from,52,
77002,98,6,أَهْلِ,(the) People,53,
77003,98,6,الْكِتَابِ,(of) the Book,54,
77004,98,6,وَالْمُشْرِكِينَ,and the polytheists,55,
75606,80,42,هُمُ,[they],131,
75607,80,42,الْكَفَرَةُ,"""(are) the disbelievers",132,
75608,80,42,الْفَجَرَةُ,the wicked ones.,133,
75609,81,1,إِذَا,When,1,
75610,81,1,الشَّمْسُ,the sun,2,
75611,81,1,كُوِّرَتْ,"""is wrapped up",3,
75612,81,2,وَإِذَا,And when,4,
75613,81,2,النُّجُومُ,the stars,5,
75614,81,2,انْكَدَرَتْ,"""fall",6,
75615,81,3,وَإِذَا,And when,7,
75616,81,3,الْجِبَالُ,the mountains,8,
75623,81,5,حُشِرَتْ,"""are gathered",15,
75624,81,6,وَإِذَا,And when,16,
76261,87,7,اللَّهُ,Allah,23,
76262,87,7,إِنَّهُ,"""Indeed",24,
76263,87,7,يَعْلَمُ,knows,25,
76264,87,7,الْجَهْرَ,the manifest,26,
76265,87,7,وَمَا,and what,27,
76266,87,7,يَخْفَى,is hidden.,28,
76267,87,8,وَنُيَسِّرُكَ,And We will ease you,29,
76268,87,8,لِلْيُسْرَى,to the ease.,30,
76984,98,5,إِلَّا,except,35,
76269,87,9,فَذَكِّرْ,"""So remind",31,
76271,87,9,نَفَعَتِ,benefits,33,
76901,96,14,يَرَى,sees?,54,
75697,81,27,إِلَّا,(is) except,89,
75700,81,28,لِمَنْ,For whoever,92,
75701,81,28,شَاءَ,wills,93,
75702,81,28,مِنْكُمْ,among you,94,
75703,81,28,أَنْ,to,95,
75705,81,29,وَمَا,And not,97,
76897,96,14,أَلَمْ,Does not,50,
76904,96,15,لَمْ,not,57,
76924,97,1,الْقَدْرِ,(of) Power.,5,
76925,97,2,وَمَا,And what,6,
76926,97,2,أَدْرَاكَ,can make you know,7,
76927,97,2,مَا,what,8,
76928,97,2,لَيْلَةُ,(the) Night,9,
77190,103,3,الَّذِينَ,those who,7,
77191,103,3,ءَامَنُوا,believe,8,
77192,103,3,وَعَمِلُوا,and do,9,
77193,103,3,الصَّالِحَاتِ,righteous deeds,10,
75691,81,25,شَيْطَانٍ,(of) Shaitaan,83,
75692,81,25,رَجِيمٍ,accursed.,84,
75693,81,26,فَأَيْنَ,So where,85,
75695,81,27,إِنْ,Not,87,
75698,81,27,ذِكْرٌ,a reminder,90,
75699,81,27,لِلْعَالَمِينَ,"""to the worlds",91,
77194,103,3,وَتَوَاصَوْا,and enjoin (each other),11,
77195,103,3,بِالْحَقِّ,to the truth,12,
77196,103,3,وَتَوَاصَوْا,and enjoin (each other),13,
77197,103,3,بِالصَّبْرِ,to [the] patience.,14,
77198,104,1,وَيْلٌ,Woe,1,
75685,81,24,عَلَى,on,77,
75686,81,24,الْغَيْبِ,the unseen,78,
75688,81,25,وَمَا,And not,80,
75689,81,25,هُوَ,it,81,
75690,81,25,بِقَوْلِ,(is the) word,82,
75696,81,27,هُوَ,it,88,
75706,81,29,تَشَاءُونَ,you will,98,
75707,81,29,إِلَّا,except,99,
76272,87,9,الذِّكْرَى,the reminder.,34,
76273,87,10,سَيَذَّكَّرُ,He will pay heed -,35,
76274,87,10,مَنْ,(one) who,36,
76275,87,10,يَخْشَى,fears (Allah).,37,
76276,87,11,وَيَتَجَنَّبُهَا,And will avoid it,38,
76277,87,11,الْأَشْقَى,the wretched one.,39,
76278,87,12,الَّذِي,The one who,40,
76279,87,12,يَصْلَى,will burn,41,
76280,87,12,النَّارَ,(in) the Fire,42,
76281,87,12,الْكُبْرَى,[the] great.,43,
76282,87,13,ثُمَّ,Then,44,
76283,87,13,لَا,not,45,
76284,87,13,يَمُوتُ,he will die,46,
77413,114,1,أَعُوذُ,"""""""I seek refuge""",2,
77414,114,1,بِرَبِّ,in (the) Lord,3,
77415,114,1,النَّاسِ,"""(of) mankind",4,
75801,83,3,وَإِذَا,But when,9,
75803,83,3,أَوْ,or,11,
75903,83,25,مِنْ,of,111,
75904,83,25,رَحِيقٍ,a pure wine,112,
75905,83,25,مَخْتُومٍ,"""sealed",113,
75906,83,26,خِتَامُهُ,Its seal,114,
75907,83,26,مِسْكٌ,(will be of) musk.,115,
75908,83,26,وَفِي,And for,116,
75909,83,26,ذَلِكَ,that,117,
75911,83,26,الْمُتَنَافِسُونَ,the aspirers.,119,
75912,83,27,وَمِزَاجُهُ,And its mixture,120,
75913,83,27,مِنْ,(is) of,121,
76285,87,13,فِيهَا,therein,47,
76286,87,13,وَلَا,and not,48,
76287,87,13,يَحْيَى,will live.,49,
76288,87,14,قَدْ,"""Certainly",50,
76289,87,14,أَفْلَحَ,has succeeded,51,
76290,87,14,مَنْ,(one) who,52,
76355,88,13,سُرُرٌ,(will be) thrones,45,
76356,88,13,مَرْفُوعَةٌ,"""raised high",46,
76357,88,14,وَأَكْوَابٌ,And cups,47,
76358,88,14,مَوْضُوعَةٌ,"""put in place",48,
76359,88,15,وَنَمَارِقُ,And cushions,49,
76360,88,15,مَصْفُوفَةٌ,"""lined up",50,
76361,88,16,وَزَرَابِيُّ,And carpets,51,
76362,88,16,مَبْثُوثَةٌ,spread out.,52,
76363,88,17,أَفَلَا,Then do not,53,
76364,88,17,يَنْظُرُونَ,they look,54,
76365,88,17,إِلَى,towards,55,
76366,88,17,الْإِبِلِ,"""the camels",56,
76367,88,17,كَيْفَ,how,57,
76368,88,17,خُلِقَتْ,they are created?,58,
76369,88,18,وَإِلَى,And towards,59,
76370,88,18,السَّمَاءِ,"""the sky",60,
77006,98,6,نَارِ,(the) Fire,57,
77007,98,6,جَهَنَّمَ,(of) Hell,58,
77009,98,6,فِيهَا,therein.,60,
77010,98,6,أُولَئِكَ,Those -,61,
77011,98,6,هُمْ,they,62,
77012,98,6,شَرُّ,(are the) worst,63,
77013,98,6,الْبَرِيَّةِ,(of) the creatures.,64,
77014,98,7,إِنَّ,"""Indeed",65,
77016,98,7,ءَامَنُوا,believe,67,
77017,98,7,وَعَمِلُوا,and do,68,
77018,98,7,الصَّالِحَاتِ,"""righteous deeds",69,
77019,98,7,أُولَئِكَ,those -,70,
77020,98,7,هُمْ,they,71,
77021,98,7,خَيْرُ,(are the) best,72,
77022,98,7,الْبَرِيَّةِ,(of) the creatures.,73,
77396,113,2,خَلَقَ,"""He created",8,
76296,87,16,بَلْ,Nay!,58,
76297,87,16,تُؤْثِرُونَ,You prefer,59,
76298,87,16,الْحَيَوةَ,the life,60,
76299,87,16,الدُّنْيَا,"""(of) the world",61,
76306,87,18,الصُّحُفِ,the Scriptures,68,
76314,88,1,الْغَاشِيَةِ,(of) the Overwhelming?,4,
76330,88,6,إِلَّا,except,20,
76339,88,8,وُجُوهٌ,Faces,29,
76340,88,8,يَوْمَئِذٍ,that Day,30,
76341,88,8,نَاعِمَةٌ,(will be) joyful.,31,
76342,88,9,لِسَعْيِهَا,With their effort,32,
76343,88,9,رَاضِيَةٌ,"""satisfied",33,
76345,88,10,جَنَّةٍ,a garden,35,
76346,88,10,عَالِيَةٍ,elevated.,36,
76347,88,11,لَا,Not,37,
76348,88,11,تَسْمَعُ,they will hear,38,
76349,88,11,فِيهَا,therein,39,
76350,88,11,لَاغِيَةً,vain talk.,40,
76351,88,12,فِيهَا,Therein,41,
76352,88,12,عَيْنٌ,(will be) a spring,42,
77397,113,3,وَمِنْ,And from,9,
77398,113,3,شَرِّ,(the) evil,10,
77399,113,3,غَاسِقٍ,(of) darkness,11,
77400,113,3,إِذَا,when,12,
77402,113,4,وَمِنْ,And from,14,
77403,113,4,شَرِّ,(the) evil,15,
77404,113,4,النَّفَّاثَاتِ,(of) the blowers,16,
77405,113,4,فِي,in,17,
77406,113,4,الْعُقَدِ,"""the knots",18,
77407,113,5,وَمِنْ,And from,19,
77408,113,5,شَرِّ,(the) evil,20,
77409,113,5,حَاسِدٍ,(of) an envier,21,
77410,113,5,إِذَا,when,22,
77411,113,5,حَسَدَ,"""he envies.""""""",23,
77412,114,1,قُلْ,"""Say",1,
76353,88,12,جَارِيَةٌ,"""flowing",43,
76354,88,13,فِيهَا,Therein,44,
76374,88,19,الْجِبَالِ,"""the mountains",64,
76384,88,21,مُذَكِّرٌ,(are) a reminder.,74,
76392,88,24,فَيُعَذِّبُهُ,Then will punish him,82,
76402,88,26,حِسَابَهُمْ,(is) their account.,92,
76404,89,2,وَلَيَالٍ,And the nights,2,
76405,89,2,عَشْرٍ,ten.,3,
76406,89,3,وَالشَّفْعِ,And the even,4,
76407,89,3,وَالْوَتْرِ,"""and the odd",5,
76408,89,4,وَاللَّيْلِ,And the night,6,
75943,83,33,وَمَا,But not,151,
76012,84,13,فِي,among,51,
76013,84,13,أَهْلِهِ,his people,52,
76014,84,13,مَسْرُورًا,"""happy",53,
76015,84,14,إِنَّهُ,"""Indeed",54,
76016,84,14,ظَنَّ,(had) thought,55,
76017,84,14,أَنْ,that,56,
76018,84,14,لَنْ,never,57,
76020,84,15,بَلَى,Yes!,59,
76021,84,15,إِنَّ,"""Indeed",60,
76022,84,15,رَبَّهُ,his Lord,61,
76023,84,15,كَانَ,was,62,
76024,84,15,بِهِ,of him,63,
76025,84,15,بَصِيرًا,All-Seer.,64,
76026,84,16,فَلَا,But nay!,65,
76409,89,4,إِذَا,when,7,
76410,89,4,يَسْرِ,it passes.,8,
76413,89,5,ذَلِكَ,that,11,
76416,89,5,حِجْرٍ,who understand?,14,
76418,89,6,تَرَ,you see,16,
76419,89,6,كَيْفَ,how,17,
76420,89,6,فَعَلَ,dealt,18,
76421,89,6,رَبُّكَ,your Lord,19,
76422,89,6,بِعَادٍ,"""with Aad",20,
76423,89,7,إِرَمَ,"""Iram",21,
76424,89,7,ذَاتِ,"""possessors (of)",22,
76625,91,2,إِذَا,when,4,
76626,91,2,تَلَاهَا,"""it follows it",5,
76627,91,3,وَالنَّهَارِ,And the day,6,
76673,91,15,وَلَا,And not,52,
76674,91,15,يَخَافُ,He fears,53,
76675,91,15,عُقْبَاهَا,its consequences.,54,
76676,92,1,وَاللَّيْلِ,By the night,1,
76677,92,1,إِذَا,when,2,
76678,92,1,يَغْشَى,"""it covers",3,
76679,92,2,وَالنَّهَارِ,And the day,4,
76680,92,2,إِذَا,when,5,
76682,92,3,وَمَا,And He Who,7,
76692,92,5,وَاتَّقَى,"""and fears",17,
76693,92,6,وَصَدَّقَ,And believes,18,
76694,92,6,بِالْحُسْنَى,"""in the best",19,
76695,92,7,فَسَنُيَسِّرُهُ,Then We will ease him,20,
76696,92,7,لِلْيُسْرَى,towards [the] ease.,21,
76697,92,8,وَأَمَّا,But as for,22,
76698,92,8,مَنْ,(him) who,23,
76699,92,8,بَخِلَ,withholds,24,
76700,92,8,وَاسْتَغْنَى,"""and considers himself free from need",25,
76701,92,9,وَكَذَّبَ,And denies,26,
76702,92,9,بِالْحُسْنَى,"""the best",27,
76703,92,10,فَسَنُيَسِّرُهُ,Then We will ease him,28,
76704,92,10,لِلْعُسْرَى,towards [the] difficulty.,29,
76705,92,11,وَمَا,And not,30,
75915,83,28,عَيْنًا,"""A spring",123,
75916,83,28,يَشْرَبُ,will drink,124,
75917,83,28,بِهَا,"""from it",125,
75919,83,29,إِنَّ,"""Indeed",127,
75920,83,29,الَّذِينَ,those who,128,
75921,83,29,أَجْرَمُوا,committed crimes,129,
75922,83,29,كَانُوا,used to,130,
75923,83,29,مِنَ,at,131,
75924,83,29,الَّذِينَ,those who,132,
75925,83,29,ءَامَنُوا,believed,133,
75926,83,29,يَضْحَكُونَ,laugh.,134,
75927,83,30,وَإِذَا,And when,135,
75928,83,30,مَرُّوا,they passed,136,
75929,83,30,بِهِمْ,"""by them",137,
75934,83,31,أَهْلِهِمُ,"""their people",142,
75936,83,31,فَكِهِينَ,jesting.,144,
75937,83,32,وَإِذَا,And when,145,
75938,83,32,رَأَوْهُمْ,"""they saw them",146,
75939,83,32,قَالُوا,"""they said",147,
75940,83,32,إِنَّ,"""""""Indeed",148,
75941,83,32,هَؤُلَاءِ,these,149,
75942,83,32,لَضَالُّونَ,"""surely have gone astray.""""""",150,
76628,91,3,إِذَا,when,7,
76629,91,3,جَلَّاهَا,"""it displays it",8,
76630,91,4,وَاللَّيْلِ,And the night,9,
76631,91,4,إِذَا,when,10,
76632,91,4,يَغْشَاهَا,"""it covers it",11,
76633,91,5,وَالسَّمَاءِ,And the heaven,12,
76659,91,13,فَقَالَ,But said,38,
76660,91,13,لَهُمْ,to them,39,
76661,91,13,رَسُولُ,(the) Messenger,40,
76662,91,13,اللَّهِ,"""(of) Allah",41,
76663,91,13,نَاقَةَ,"""""""(It is the) she-camel""",42,
76664,91,13,اللَّهِ,(of) Allah,43,
76665,91,13,وَسُقْيَاهَا,"""and her drink.""""""",44,
76666,91,14,فَكَذَّبُوهُ,"""But they denied him",45,
76667,91,14,فَعَقَرُوهَا,and they hamstrung her.,46,
76668,91,14,فَدَمْدَمَ,So destroyed,47,
76669,91,14,عَلَيْهِمْ,them,48,
76670,91,14,رَبُّهُمْ,their Lord,49,
76671,91,14,بِذَنْبِهِمْ,for their sin,50,
76672,91,14,فَسَوَّاهَا,and leveled them.,51,
76706,92,11,يُغْنِي,will avail,31,
76707,92,11,عَنْهُ,him,32,
76708,92,11,مَالُهُ,his wealth,33,
76709,92,11,إِذَا,when,34,
76710,92,11,تَرَدَّى,he falls.,35,
76711,92,12,إِنَّ,"""Indeed",36,
76712,92,12,عَلَيْنَا,upon Us,37,
76714,92,13,وَإِنَّ,"""And indeed",39,
76139,85,12,إِنَّ,"""Indeed",71,
76724,92,15,الْأَشْقَى,"""the most wretched",49,
76725,92,16,الَّذِي,The one who,50,
76735,92,19,لِأَحَدٍ,for anyone,60,
76736,92,19,عِنْدَهُ,with him,61,
76738,92,19,نِعْمَةٍ,favor,63,
76739,92,19,تُجْزَى,to be recompensed,64,
76740,92,20,إِلَّا,Except,65,
76741,92,20,ابْتِغَاءَ,seeking,66,
76037,84,19,عَنْ,from,76,
76038,84,19,طَبَقٍ,stage.,77,
76039,84,20,فَمَا,So what,78,
76041,84,20,لَا,not,80,
76042,84,20,يُؤْمِنُونَ,"""they believe",81,
76043,84,21,وَإِذَا,And when,82,
76044,84,21,قُرِئَ,is recited,83,
76045,84,21,عَلَيْهِمُ,to them,84,
76046,84,21,الْقُرْءَانُ,"""the Quran",85,
76060,84,25,إِلَّا,Except,99,
76061,84,25,الَّذِينَ,those who,100,
76063,84,25,وَعَمِلُوا,and do,102,
76064,84,25,الصَّالِحَاتِ,righteous deeds.,103,
76065,84,25,لَهُمْ,For them,104,
76066,84,25,أَجْرٌ,(is) a reward,105,
76067,84,25,غَيْرُ,never,106,
76068,84,25,مَمْنُونٍ,ending.,107,
76070,85,1,ذَاتِ,containing,2,
76071,85,1,الْبُرُوجِ,"""the constellations",3,
76072,85,2,وَالْيَوْمِ,And the Day,4,
76073,85,2,الْمَوْعُودِ,"""Promised",5,
76074,85,3,وَشَاهِدٍ,And (the) witness,6,
76075,85,3,وَمَشْهُودٍ,"""and what is witnessed",7,
76076,85,4,قُتِلَ,Destroyed were,8,
76077,85,4,أَصْحَابُ,(the) companions,9,
76079,85,5,النَّارِ,(Of) the fire,11,
76080,85,5,ذَاتِ,full,12,
76081,85,5,الْوَقُودِ,"""(of) the fuel",13,
76082,85,6,إِذْ,When,14,
76083,85,6,هُمْ,they,15,
76084,85,6,عَلَيْهَا,by it,16,
76085,85,6,قُعُودٌ,"""(were) sitting",17,
76086,85,7,وَهُمْ,And they,18,
76087,85,7,عَلَى,over,19,
76088,85,7,مَا,what,20,
76089,85,7,يَفْعَلُونَ,they were doing,21,
76091,85,7,شُهُودٌ,witnesses.,23,
76092,85,8,وَمَا,And not,24,
76093,85,8,نَقَمُوا,they resented,25,
76094,85,8,مِنْهُمْ,[of] them,26,
76095,85,8,إِلَّا,except,27,
76096,85,8,أَنْ,that,28,
76102,85,9,لَهُ,for Him,34,
76131,85,11,جَنَّاتٌ,(will be) Gardens,63,
76132,85,11,تَجْرِي,flow,64,
76133,85,11,مِنْ,from,65,
76134,85,11,تَحْتِهَا,underneath it,66,
76135,85,11,الْأَنْهَارُ,the rivers.,67,
76136,85,11,ذَلِكَ,That,68,
76726,92,16,كَذَّبَ,denied,51,
76727,92,16,وَتَوَلَّى,and turned away.,52,
76728,92,17,وَسَيُجَنَّبُهَا,But will be removed from it,53,
76729,92,17,الْأَتْقَى,"""the righteous",54,
76730,92,18,الَّذِي,The one who,55,
76731,92,18,يُؤْتِي,gives,56,
76732,92,18,مَالَهُ,his wealth,57,
76733,92,18,يَتَزَكَّى,"""(to) purify himself",58,
76734,92,19,وَمَا,And not,59,
76767,93,6,يَتِيمًا,an orphan,21,
76768,93,6,فءَاوَى,and give shelter?,22,
76769,93,7,وَوَجَدَكَ,And He found you,23,
76774,93,8,فَأَغْنَى,so He made self-sufficient.,28,
76775,93,9,فَأَمَّا,So as for,29,
76029,84,17,وَاللَّيْلِ,And the night,68,
76030,84,17,وَمَا,and what,69,
76031,84,17,وَسَقَ,"""it envelops",70,
76032,84,18,وَالْقَمَرِ,And the moon,71,
76033,84,18,إِذَا,when,72,
76034,84,18,اتَّسَقَ,"""it becomes full",73,
76035,84,19,لَتَرْكَبُنَّ,You will surely embark,74,
76036,84,19,طَبَقًا,(to) stage,75,
76047,84,21,لَا,not,86,
76049,84,22,بَلِ,Nay!,88,
76050,84,22,الَّذِينَ,Those who,89,
76051,84,22,كَفَرُوا,disbelieved,90,
76052,84,22,يُكَذِّبُونَ,"""deny",91,
76053,84,23,وَاللَّهُ,And Allah,92,
76054,84,23,أَعْلَمُ,(is) most knowing,93,
76055,84,23,بِمَا,of what,94,
76056,84,23,يُوعُونَ,they keep within themselves,95,
76057,84,24,فَبَشِّرْهُمْ,so give them tidings,96,
76058,84,24,بِعَذَابٍ,of a punishment,97,
76059,84,24,أَلِيمٍ,"""painful",98,
76137,85,11,الْفَوْزُ,(is) the success,69,
76138,85,11,الْكَبِيرُ,the great.,70,
76776,93,9,الْيَتِيمَ,"""the orphan",30,
76777,93,9,فَلَا,then (do) not,31,
76778,93,9,تَقْهَرْ,"""oppress",32,
76779,93,10,وَأَمَّا,And as for,33,
76780,93,10,السَّائِلَ,"""one who asks",34,
76781,93,10,فَلَا,then (do) not,35,
76782,93,10,تَنْهَرْ,"""repel",36,
76783,93,11,وَأَمَّا,But as for,37,
76602,90,17,كَانَ,he is,63,
76784,93,11,بِنِعْمَةِ,(the) Favor,38,
76785,93,11,رَبِّكَ,(of) your Lord,39,
76786,93,11,فَحَدِّثْ,narrate.,40,
76787,94,1,أَلَمْ,Have not,1,
76788,94,1,نَشْرَحْ,We expanded,2,
76789,94,1,لَكَ,for you,3,
76790,94,1,صَدْرَكَ,your breast?,4,
76791,94,2,وَوَضَعْنَا,And We removed,5,
76792,94,2,عَنْكَ,from you,6,
76793,94,2,وِزْرَكَ,your burden,7,
76794,94,3,الَّذِي,Which,8,
76795,94,3,أَنْقَضَ,weighed upon,9,
76796,94,3,ظَهْرَكَ,"""your back",10,
76797,94,4,وَرَفَعْنَا,And We raised high,11,
76798,94,4,لَكَ,for you,12,
76799,94,4,ذِكْرَكَ,your reputation,13,
77005,98,6,فِي,(will be) in,56,
76141,85,12,رَبِّكَ,(of) your Lord,73,
76142,85,12,لَشَدِيدٌ,(is) surely strong.,74,
76143,85,13,إِنَّهُ,"""Indeed He",75,
76144,85,13,هُوَ,He,76,
76146,85,13,وَيُعِيدُ,"""and repeats",78,
76147,85,14,وَهُوَ,And He,79,
76148,85,14,الْغَفُورُ,"""(is) the Oft-Forgiving",80,
76149,85,14,الْوَدُودُ,"""the Most Loving",81,
76800,94,5,فَإِنَّ,"""So indeed",14,
76150,85,15,ذُو,Owner (of),82,
76151,85,15,الْعَرْشِ,the Throne,83,
76153,85,16,فَعَّالٌ,Doer,85,
76154,85,16,لِمَا,of what,86,
76156,85,17,هَلْ,Has,88,
76157,85,17,أَتَىكَ,come to you,89,
76158,85,17,حَدِيثُ,(the) story,90,
76159,85,17,الْجُنُودِ,"""(of) the hosts",91,
76160,85,18,فِرْعَوْنَ,Firaun,92,
76161,85,18,وَثَمُودَ,and Thamud?,93,
76162,85,19,بَلِ,Nay!,94,
76164,85,19,كَفَرُوا,disbelieve,96,
76165,85,19,فِي,(are) in,97,
76166,85,19,تَكْذِيبٍ,denial.,98,
76167,85,20,وَاللَّهُ,But Allah,99,
76168,85,20,مِنْ,from,100,
76169,85,20,وَرَائِهِمْ,"""behind them",101,
76170,85,20,مُحِيطٌ,encompasses.,102,
76171,85,21,بَلْ,Nay!,103,
76172,85,21,هُوَ,It,104,
76174,85,21,مَجِيدٌ,"""Glorious",106,
76175,85,22,فِي,In,107,
76176,85,22,لَوْحٍ,"""a Tablet",108,
76178,86,1,وَالسَّمَاءِ,By the sky,1,
76180,86,2,وَمَا,And what,3,
76181,86,2,أَدْرَاكَ,can make you know,4,
76182,86,2,مَا,what,5,
76801,94,5,مَعَ,with,15,
76183,86,2,الطَّارِقُ,the night comer (is)?,6,
76802,94,5,الْعُسْرِ,the hardship,16,
76803,94,5,يُسْرًا,(is) ease.,17,
76804,94,6,إِنَّ,"""Indeed",18,
76805,94,6,مَعَ,with,19,
76806,94,6,الْعُسْرِ,the hardship,20,
76807,94,6,يُسْرًا,(is) ease.,21,
76808,94,7,فَإِذَا,So when,22,
76809,94,7,فَرَغْتَ,you have finished,23,
76810,94,7,فَانْصَبْ,then labor hard.,24,
76811,94,8,وَإِلَى,And to,25,
76812,94,8,رَبِّكَ,your Lord,26,
76813,94,8,فَارْغَبْ,turn your attention.,27,
76814,95,1,وَالتِّينِ,"""By the fig",1,
76815,95,1,وَالزَّيْتُونِ,"""and the olive",2,
76816,95,2,وَطُورِ,And (the) Mount,3,
76817,95,2,سِينِينَ,"""Sinai",4,
76818,95,3,وَهَذَا,And this,5,
76819,95,3,الْبَلَدِ,"""[the] city",6,
76820,95,3,الْأَمِينِ,"""[the] secure",7,
76821,95,4,لَقَدْ,"""Indeed",8,
76822,95,4,خَلَقْنَا,We created,9,
76823,95,4,الْإِنْسَانَ,man,10,
76829,95,5,أَسْفَلَ,(to the) lowest,16,
76830,95,5,سَافِلِينَ,"""(of the) low",17,
76898,96,14,يَعْلَمْ,he know,51,
76902,96,15,كَلَّا,Nay!,55,
76912,96,17,نَادِيَهُ,"""his associates",65,
76913,96,18,سَنَدْعُ,We will call,66,
77008,98,6,خَالِدِينَ,abiding eternally,59,
77015,98,7,الَّذِينَ,those who,66,
76184,86,3,النَّجْمُ,"""(It is) the star",7,
76185,86,3,الثَّاقِبُ,the piercing!,8,
76186,86,4,إِنْ,Not,9,
76189,86,4,لَمَّا,but,12,
76190,86,4,عَلَيْهَا,over it,13,
76191,86,4,حَافِظٌ,(is) a protector.,14,
76193,86,5,الْإِنْسَانُ,man,16,
76194,86,5,مِمَّ,from what,17,
76315,88,2,وُجُوهٌ,Faces,5,
76316,88,2,يَوْمَئِذٍ,that Day,6,
76317,88,2,خَاشِعَةٌ,"""(will be) humbled",7,
76318,88,3,عَامِلَةٌ,"""Laboring",8,
76319,88,3,نَاصِبَةٌ,exhausted.,9,
76320,88,4,تَصْلَى,They will burn,10,
76321,88,4,نَارًا,(in) a Fire,11,
76322,88,4,حَامِيَةً,intensely hot.,12,
76323,88,5,تُسْقَى,They will be given to drink,13,
76324,88,5,مِنْ,from,14,
76325,88,5,عَيْنٍ,"""a spring",15,
76326,88,5,ءَانِيَةٍ,boiling.,16,
76327,88,6,لَيْسَ,Not is,17,
76328,88,6,لَهُمْ,for them,18,
76329,88,6,طَعَامٌ,food,19,
76331,88,6,مِنْ,from,21,
76332,88,6,ضَرِيعٍ,"""a bitter thorny plant",22,
76333,88,7,لَا,Not,23,
76334,88,7,يُسْمِنُ,it nourishes,24,
76335,88,7,وَلَا,and not,25,
76336,88,7,يُغْنِي,it avails,26,
76337,88,7,مِنْ,from,27,
76338,88,7,جُوعٍ,hunger.,28,
76344,88,10,فِي,In,34,
76256,87,6,فَلَا,so not,18,
76259,87,7,مَا,what,21,
76300,87,17,وَالْءَاخِرَةُ,While the Hereafter,62,
76301,87,17,خَيْرٌ,(is) better,63,
76302,87,17,وَأَبْقَى,and everlasting.,64,
76303,87,18,إِنَّ,"""Indeed",65,
76304,87,18,هَذَا,this,66,
76305,87,18,لَفِي,surely (is) in,67,
76307,87,18,الْأُولَى,"""[the] former",69,
76308,87,19,صُحُفِ,(The) Scriptures,70,
76309,87,19,إِبْرَاهِيمَ,(of) Ibrahim,71,
76310,87,19,وَمُوسَى,and Musa.,72,
76311,88,1,هَلْ,Has,1,
76312,88,1,أَتَىكَ,(there) come to you,2,
76313,88,1,حَدِيثُ,(the) news,3,
76470,89,16,فَقَدَرَ,and restricts,68,
76425,89,7,الْعِمَادِ,"""lofty pillars",23,
76426,89,8,الَّتِي,Which,24,
76391,88,23,وَكَفَرَ,"""and disbelieves",81,
76393,88,24,اللَّهُ,Allah,83,
76394,88,24,الْعَذَابَ,(with) the punishment,84,
76395,88,24,الْأَكْبَرَ,greatest.,85,
76396,88,25,إِنَّ,"""Indeed",86,
76444,89,12,فَأَكْثَرُوا,And (made) much,42,
76445,89,12,فِيهَا,therein,43,
76446,89,12,الْفَسَادَ,corruption.,44,
76447,89,13,فَصَبَّ,So poured,45,
76448,89,13,عَلَيْهِمْ,on them,46,
76449,89,13,رَبُّكَ,your Lord,47,
76450,89,13,سَوْطَ,scourge,48,
76451,89,13,عَذَابٍ,(of) punishment.,49,
76452,89,14,إِنَّ,"""Indeed",50,
76453,89,14,رَبَّكَ,your Lord,51,
76454,89,14,لَبِالْمِرْصَادِ,(is) surely Ever Watchful.,52,
76455,89,15,فَأَمَّا,And as for,53,
76456,89,15,الْإِنْسَانُ,"""man",54,
76457,89,15,إِذَا,when,55,
76458,89,15,مَا,does,56,
76459,89,15,ابْتَلَاهُ,try him,57,
76460,89,15,رَبُّهُ,his Lord,58,
76461,89,15,فَأَكْرَمَهُ,and is generous to him,59,
76462,89,15,وَنَعَّمَهُ,"""and favors him",60,
76463,89,15,فَيَقُولُ,"""he says",61,
76464,89,15,رَبِّي,"""""""My Lord""",62,
76465,89,15,أَكْرَمَنِ,"""has honored me.""""""",63,
76466,89,16,وَأَمَّا,But,64,
76467,89,16,إِذَا,when,65,
76468,89,16,مَا,does,66,
76469,89,16,ابْتَلَاهُ,He try him,67,
76371,88,18,كَيْفَ,how,61,
76372,88,18,رُفِعَتْ,it is raised?,62,
76373,88,19,وَإِلَى,And towards,63,
76375,88,19,كَيْفَ,how,65,
76376,88,19,نُصِبَتْ,they are fixed?,66,
76377,88,20,وَإِلَى,And towards,67,
76378,88,20,الْأَرْضِ,"""the earth",68,
76379,88,20,كَيْفَ,how,69,
76380,88,20,سُطِحَتْ,it is spread out?,70,
76381,88,21,فَذَكِّرْ,"""So remind",71,
76382,88,21,إِنَّمَا,only,72,
76383,88,21,أَنْتَ,you,73,
76385,88,22,لَسْتَ,You are not,75,
76386,88,22,عَلَيْهِمْ,over them,76,
76387,88,22,بِمُصَيْطِرٍ,"""a controller",77,
76388,88,23,إِلَّا,But,78,
76389,88,23,مَنْ,whoever,79,
76390,88,23,تَوَلَّى,turns away,80,
76397,88,25,إِلَيْنَا,to Us,87,
76398,88,25,إِيَابَهُمْ,"""(will be) their return",88,
76399,88,26,ثُمَّ,Then,89,
76400,88,26,إِنَّ,"""indeed",90,
76401,88,26,عَلَيْنَا,upon Us,91,
76403,89,1,وَالْفَجْرِ,"""By the dawn",1,
76411,89,5,هَلْ,Is,9,
76412,89,5,فِي,in,10,
76414,89,5,قَسَمٌ,(not) an oath,12,
76415,89,5,لِذِي,for those,13,
76417,89,6,أَلَمْ,Did not,15,
76527,89,27,يَاأَيَّتُهَا,"""""""O""",125,
76542,90,1,بِهَذَا,by this,3,
76543,90,1,الْبَلَدِ,"""city",4,
76544,90,2,وَأَنْتَ,And you,5,
76545,90,2,حِلٌّ,(are) free (to dwell),6,
76546,90,2,بِهَذَا,in this,7,
76547,90,2,الْبَلَدِ,city.,8,
76548,90,3,وَوَالِدٍ,And the begetter,9,
76577,90,10,وَهَدَيْنَاهُ,And shown him,38,
76578,90,10,النَّجْدَيْنِ,the two ways?,39,
76579,90,11,فَلَا,But not,40,
76580,90,11,اقْتَحَمَ,he has attempted,41,
76581,90,11,الْعَقَبَةَ,the steep path.,42,
76582,90,12,وَمَا,And what,43,
76583,90,12,أَدْرَاكَ,can make you know,44,
76584,90,12,مَا,what,45,
76585,90,12,الْعَقَبَةُ,the steep path (is)?,46,
76586,90,13,فَكُّ,(It is) freeing,47,
76512,89,23,لَهُ,(will be) for him,110,
76513,89,23,الذِّكْرَى,the remembrance?,111,
76514,89,24,يَقُولُ,"""He will say",112,
76515,89,24,يَالَيْتَنِي,"""""""O I wish!""",113,
76516,89,24,قَدَّمْتُ,I had sent forth,114,
76517,89,24,لِحَيَاتِي,"""for my life.""""""",115,
76528,89,27,النَّفْسُ,soul!,126,
76529,89,27,الْمُطْمَئِنَّةُ,"""who is satisfied",127,
76530,89,28,ارْجِعِي,Return,128,
76531,89,28,إِلَى,to,129,
76532,89,28,رَبِّكِ,your Lord,130,
76533,89,28,رَاضِيَةً,"""well pleased",131,
76534,89,28,مَرْضِيَّةً,and pleasing.,132,
76506,89,23,يَوْمَئِذٍ,"""that Day",104,
76507,89,23,بِجَهَنَّمَ,Hell.,105,
76508,89,23,يَوْمَئِذٍ,That Day,106,
76509,89,23,يَتَذَكَّرُ,will remember,107,
76510,89,23,الْإِنْسَانُ,"""man",108,
76518,89,25,فَيَوْمَئِذٍ,So that Day,116,
76519,89,25,لَا,not,117,
76520,89,25,يُعَذِّبُ,"""will punish",118,
76521,89,25,عَذَابَهُ,(as) His punishment,119,
76522,89,25,أَحَدٌ,anyone.,120,
76523,89,26,وَلَا,And not,121,
76524,89,26,يُوثِقُ,will bind,122,
76525,89,26,وَثَاقَهُ,(as) His binding,123,
76526,89,26,أَحَدٌ,anyone.,124,
76535,89,29,فَادْخُلِي,So enter,133,
76536,89,29,فِي,among,134,
76537,89,29,عِبَادِي,"""My slaves",135,
76538,89,30,وَادْخُلِي,And enter,136,
76539,89,30,جَنَّتِي,"""My Paradise.""""""",137,
76540,90,1,لَا,Nay!,1,
76541,90,1,أُقْسِمُ,I swear,2,
76549,90,3,وَمَا,and what,10,
76550,90,3,وَلَدَ,he begot.,11,
76551,90,4,لَقَدْ,"""Certainly",12,
76554,90,4,فِي,(to be) in,15,
76555,90,4,كَبَدٍ,hardship.,16,
76556,90,5,أَيَحْسَبُ,Does he think,17,
76557,90,5,أَنْ,that,18,
76558,90,5,لَنْ,not,19,
76587,90,13,رَقَبَةٍ,"""a neck",48,
76588,90,14,أَوْ,Or,49,
76589,90,14,إِطْعَامٌ,feeding,50,
76590,90,14,فِي,in,51,
76591,90,14,يَوْمٍ,a day,52,
76511,89,23,وَأَنَّى,but how,109,
76559,90,5,يَقْدِرَ,has power,20,
76592,90,14,ذِي,of,53,
76593,90,14,مَسْغَبَةٍ,severe hunger.,54,
76594,90,15,يَتِيمًا,An orphan,55,
76595,90,15,ذَا,of,56,
76596,90,15,مَقْرَبَةٍ,"""near relationship",57,
76597,90,16,أَوْ,Or,58,
76598,90,16,مِسْكِينًا,a needy person,59,
76599,90,16,ذَا,in,60,
76600,90,16,مَتْرَبَةٍ,"""misery",61,
76601,90,17,ثُمَّ,Then,62,
76617,90,19,أَصْحَابُ,(are the) companions,78,
76618,90,19,الْمَشْءَمَةِ,(of) the left (hand).,79,
76608,90,17,وَتَوَاصَوْا,and enjoin (each other),69,
76609,90,17,بِالْمَرْحَمَةِ,to compassion.,70,
76610,90,18,أُولَئِكَ,Those,71,
76611,90,18,أَصْحَابُ,(are the) companions,72,
76612,90,18,الْمَيْمَنَةِ,(of) the right (hand),73,
76613,90,19,وَالَّذِينَ,But those who,74,
76614,90,19,كَفَرُوا,disbelieve,75,
76615,90,19,بِءَايَاتِنَا,"""in Our Verses",76,
76616,90,19,هُمْ,they,77,
76619,90,20,عَلَيْهِمْ,"""Over them",80,
76642,91,8,فَأَلْهَمَهَا,And He inspired it,21,
76643,91,8,فُجُورَهَا,(to distinguish) its wickedness,22,
76644,91,8,وَتَقْوَاهَا,and its righteousness,23,
76645,91,9,قَدْ,"""Indeed",24,
76646,91,9,أَفْلَحَ,he succeeds,25,
76647,91,9,مَنْ,who,26,
76648,91,9,زَكَّاهَا,"""purifies it",27,
76649,91,10,وَقَدْ,"""And indeed",28,
76650,91,10,خَابَ,he fails,29,
76651,91,10,مَنْ,who,30,
76652,91,10,دَسَّاهَا,buries it.,31,
76653,91,11,كَذَّبَتْ,Denied,32,
76654,91,11,ثَمُودُ,Thamud,33,
76655,91,11,بِطَغْوَاهَا,"""by their transgression",34,
76656,91,12,إِذِ,When,35,
76657,91,12,انْبَعَثَ,(was) sent forth,36,
76658,91,12,أَشْقَاهَا,(the) most wicked of them.,37,
76713,92,12,لَلْهُدَى,(is) the guidance.,38,
76715,92,13,لَنَا,for Us,40,
76716,92,13,لَلْءَاخِرَةَ,(is) the Hereafter,41,
76717,92,13,وَالْأُولَى,and the first (life).,42,
76718,92,14,فَأَنْذَرْتُكُمْ,So I warn you,43,
76719,92,14,نَارًا,(of) a Fire,44,
76720,92,14,تَلَظَّى,"""blazing",45,
76721,92,15,لَا,Not,46,
76722,92,15,يَصْلَاهَا,will burn (in) it,47,
76723,92,15,إِلَّا,except,48,
76737,92,19,مِنْ,any,62,
76742,92,20,وَجْهِ,(the) Countenance,67,
76743,92,20,رَبِّهِ,"""(of) his Lord",68,
76744,92,20,الْأَعْلَى,the Most High.,69,
76745,92,21,وَلَسَوْفَ,"""And soon",70,
76746,92,21,يَرْضَى,he will be pleased.,71,
76747,93,1,وَالضُّحَى,"""By the morning brightness",1,
76748,93,2,وَاللَّيْلِ,And the night,2,
76749,93,2,إِذَا,when,3,
76750,93,2,سَجَى,"""it covers with darkness",4,
76751,93,3,مَا,Not,5,
76752,93,3,وَدَّعَكَ,has forsaken you,6,
76753,93,3,رَبُّكَ,your Lord,7,
76754,93,3,وَمَا,and not,8,
76755,93,3,قَلَى,"""He is displeased",9,
76756,93,4,وَلَلْءَاخِرَةُ,And surely the Hereafter,10,
76757,93,4,خَيْرٌ,(is) better,11,
76758,93,4,لَكَ,for you,12,
76759,93,4,مِنَ,than,13,
76760,93,4,الْأُولَى,the first.,14,
76761,93,5,وَلَسَوْفَ,And soon,15,
76762,93,5,يُعْطِيكَ,will give you,16,
76763,93,5,رَبُّكَ,your Lord,17,
76764,93,5,فَتَرْضَى,then you will be satisfied.,18,
76765,93,6,أَلَمْ,Did not,19,
76766,93,6,يَجِدْكَ,He find you,20,
76770,93,7,ضَالًّا,"""lost",24,
76771,93,7,فَهَدَى,"""so He guided",25,
76772,93,8,وَوَجَدَكَ,And He found you,26,
76773,93,8,عَائِلًا,"""in need",27,
76866,96,5,لَمْ,not,19,
76867,96,5,يَعْلَمْ,he knew.,20,
76868,96,6,كَلَّا,Nay!,21,
76869,96,6,إِنَّ,"""Indeed",22,
76870,96,6,الْإِنْسَانَ,man,23,
76871,96,6,لَيَطْغَى,"""surely transgresses",24,
76872,96,7,أَنْ,That,25,
76873,96,7,رَءَاهُ,he sees himself,26,
76874,96,7,اسْتَغْنَى,self-sufficient.,27,
76875,96,8,إِنَّ,"""Indeed",28,
76876,96,8,إِلَى,to,29,
76824,95,4,فِي,in,11,
76825,95,4,أَحْسَنِ,(the) best,12,
76826,95,4,تَقْوِيمٍ,mould.,13,
76827,95,5,ثُمَّ,Then,14,
76828,95,5,رَدَدْنَاهُ,We returned him,15,
76847,95,8,الْحَاكِمِينَ,(of) the Judges?,34,
76848,96,1,اقْرَأْ,Read,1,
76849,96,1,بِاسْمِ,in (the) name,2,
76850,96,1,رَبِّكَ,(of) your Lord,3,
76851,96,1,الَّذِي,the One Who,4,
76852,96,1,خَلَقَ,created -,5,
76853,96,2,خَلَقَ,He created,6,
76854,96,2,الْإِنْسَانَ,man,7,
76855,96,2,مِنْ,from,8,
76856,96,2,عَلَقٍ,a clinging substance.,9,
76857,96,3,اقْرَأْ,"""Read",10,
76858,96,3,وَرَبُّكَ,and your Lord,11,
76859,96,3,الْأَكْرَمُ,"""(is) the Most Generous",12,
76860,96,4,الَّذِي,The One Who,13,
76861,96,4,عَلَّمَ,taught,14,
76862,96,4,بِالْقَلَمِ,"""by the pen",15,
76863,96,5,عَلَّمَ,Taught,16,
76864,96,5,الْإِنْسَانَ,man,17,
76865,96,5,مَا,what,18,
76966,98,2,صُحُفًا,pages,17,
76967,98,2,مُطَهَّرَةً,"""purified",18,
76968,98,3,فِيهَا,Wherein,19,
76969,98,3,كُتُبٌ,(are) writings,20,
76970,98,3,قَيِّمَةٌ,correct.,21,
76971,98,4,وَمَا,And not,22,
76972,98,4,تَفَرَّقَ,became divided,23,
77023,98,8,جَزَاؤُهُمْ,Their reward,74,
77024,98,8,عِنْدَ,(is) with,75,
77025,98,8,رَبِّهِمْ,their Lord -,76,
77026,98,8,جَنَّاتُ,Gardens,77,
77027,98,8,عَدْنٍ,"""(of) Eternity",78,
77028,98,8,تَجْرِي,flow,79,
77029,98,8,مِنْ,from,80,
77030,98,8,تَحْتِهَا,underneath them,81,
77031,98,8,الْأَنْهَارُ,"""the rivers",82,
77032,98,8,خَالِدِينَ,will abide,83,
77033,98,8,فِيهَا,therein,84,
77034,98,8,أَبَدًا,forever.,85,
77035,98,8,رَضِيَ,(will be) pleased,86,
77036,98,8,اللَّهُ,Allah,87,
77037,98,8,عَنْهُمْ,with them,88,
77038,98,8,وَرَضُوا,and they (will be) pleased,89,
77039,98,8,عَنْهُ,with Him.,90,
77040,98,8,ذَلِكَ,That,91,
77044,99,1,إِذَا,When,1,
77047,99,1,زِلْزَالَهَا,"""(with) its earthquake",4,
77048,99,2,وَأَخْرَجَتِ,And brings forth,5,
77049,99,2,الْأَرْضُ,the earth,6,
77050,99,2,أَثْقَالَهَا,"""its burdens",7,
76942,97,4,مِنْ,for,23,
76957,98,1,وَالْمُشْرِكِينَ,"""and the polytheists",8,
76958,98,1,مُنْفَكِّينَ,to be abandoned,9,
76959,98,1,حَتَّى,until,10,
76960,98,1,تَأْتِيَهُمُ,(there) comes to them,11,
76961,98,1,الْبَيِّنَةُ,"""the clear evidence",12,
76962,98,2,رَسُولٌ,A Messenger,13,
76963,98,2,مِنَ,from,14,
76964,98,2,اللَّهِ,"""Allah",15,
76965,98,2,يَتْلُوا,reciting,16,
77150,101,10,وَمَا,And what,31,
77052,99,3,الْإِنْسَانُ,"""man",9,
77053,99,3,مَا,"""""""What""",10,
77054,99,3,لَهَا,"""(is) with it?""""""",11,
77055,99,4,يَوْمَئِذٍ,"""That Day",12,
77117,100,11,بِهِمْ,"""about them",38,
77118,100,11,يَوْمَئِذٍ,"""that Day",39,
77119,100,11,لَخَبِيرٌ,(is) surely All-Aware.,40,
77120,101,1,الْقَارِعَةُ,The Striking Calamity!,1,
77121,101,2,مَا,What,2,
77122,101,2,الْقَارِعَةُ,(is) the Striking Calamity?,3,
77123,101,3,وَمَا,And what,4,
77124,101,3,أَدْرَاكَ,will make you know,5,
77125,101,3,مَا,what,6,
77126,101,3,الْقَارِعَةُ,(is) the Striking Calamity?,7,
77127,101,4,يَوْمَ,(The) Day,8,
77128,101,4,يَكُونُ,will be,9,
77129,101,4,النَّاسُ,the mankind,10,
77130,101,4,كَالْفَرَاشِ,"""like moths",11,
77131,101,4,الْمَبْثُوثِ,"""scattered",12,
77132,101,5,وَتَكُونُ,And will be,13,
77133,101,5,الْجِبَالُ,the mountains,14,
77134,101,5,كَالْعِهْنِ,"""like wool",15,
77135,101,5,الْمَنْفُوشِ,fluffed up.,16,
77136,101,6,فَأَمَّا,Then as for,17,
77137,101,6,مَنْ,(him) whose,18,
77138,101,6,ثَقُلَتْ,(are) heavy,19,
77139,101,6,مَوَازِينُهُ,"""his scales",20,
77140,101,7,فَهُوَ,Then he,21,
77141,101,7,فِي,(will be) in,22,
77142,101,7,عِيشَةٍ,"""a life",23,
77143,101,7,رَاضِيَةٍ,pleasant.,24,
77151,101,10,أَدْرَاكَ,will make you know,32,
77152,101,10,مَا,what,33,
77153,101,10,هِيَهْ,it is?,34,
77154,101,11,نَارٌ,"""A Fire",35,
77155,101,11,حَامِيَةٌ,intensely hot.,36,
77156,102,1,أَلْهَاكُمُ,Diverts you,1,
77157,102,1,التَّكَاثُرُ,the competition to increase,2,
77158,102,2,حَتَّى,Until,3,
77159,102,2,زُرْتُمُ,you visit,4,
77160,102,2,الْمَقَابِرَ,the graves.,5,
77161,102,3,كَلَّا,Nay!,6,
77162,102,3,سَوْفَ,Soon,7,
77056,99,4,تُحَدِّثُ,it will report,13,
77058,99,5,بِأَنَّ,Because,15,
77059,99,5,رَبَّكَ,your Lord,16,
77060,99,5,أَوْحَى,inspired,17,
77061,99,5,لَهَا,[to] it.,18,
77097,100,7,عَلَى,on,18,
77104,100,9,أَفَلَا,But does not,25,
77105,100,9,يَعْلَمُ,he know,26,
77106,100,9,إِذَا,when,27,
77107,100,9,بُعْثِرَ,will be scattered,28,
77108,100,9,مَا,what,29,
77109,100,9,فِي,(is) in,30,
77110,100,9,الْقُبُورِ,"""the graves",31,
77111,100,10,وَحُصِّلَ,And is made apparent,32,
77112,100,10,مَا,what,33,
77113,100,10,فِي,(is) in,34,
77144,101,8,وَأَمَّا,But as for,25,
77145,101,8,مَنْ,(him) whose,26,
77146,101,8,خَفَّتْ,(are) light,27,
77147,101,8,مَوَازِينُهُ,"""his scales",28,
77148,101,9,فَأُمُّهُ,His abode,29,
77149,101,9,هَاوِيَةٌ,(will be the) Pit.,30,
77114,100,10,الصُّدُورِ,the breasts?,35,
77115,100,11,إِنَّ,"""Indeed",36,
77116,100,11,رَبَّهُمْ,their Lord,37,
77244,105,3,عَلَيْهِمْ,against them,14,
77245,105,3,طَيْرًا,birds,15,
77246,105,3,أَبَابِيلَ,(in) flocks.,16,
77247,105,4,تَرْمِيهِمْ,Striking them,17,
77248,105,4,بِحِجَارَةٍ,with stones,18,
77264,106,4,الَّذِي,The One Who,11,
77265,106,4,أَطْعَمَهُمْ,feeds them,12,
77266,106,4,مِنْ,[from],13,
77267,106,4,جُوعٍ,(against) hunger,14,
77268,106,4,وَءَامَنَهُمْ,and gives them,15,
77269,106,4,مِنْ,from,16,
77214,104,5,وَمَا,And what,17,
77215,104,5,أَدْرَاكَ,will make you know,18,
77216,104,5,مَا,what,19,
77217,104,5,الْحُطَمَةُ,the Crusher (is)?,20,
77218,104,6,نَارُ,A Fire,21,
77219,104,6,اللَّهِ,Allah,22,
77220,104,6,الْمُوقَدَةُ,"""kindled",23,
77228,104,9,فِي,In,31,
77229,104,9,عَمَدٍ,columns,32,
77176,102,7,لَتَرَوُنَّهَا,surely you will see it,21,
77177,102,7,عَيْنَ,(with the) eye,22,
77178,102,7,الْيَقِينِ,(of) certainty.,23,
77179,102,8,ثُمَّ,"""Then",24,
77180,102,8,لَتُسْءَلُنَّ,surely you will be asked,25,
77181,102,8,يَوْمَئِذٍ,that Day,26,
77182,102,8,عَنِ,about,27,
77183,102,8,النَّعِيمِ,the pleasures.,28,
77184,103,1,وَالْعَصْرِ,"""By the time",1,
77185,103,2,إِنَّ,"""Indeed",2,
77186,103,2,الْإِنْسَانَ,mankind,3,
77187,103,2,لَفِي,"""(is) surely",4,
77188,103,2,خُسْرٍ,"""loss",5,
77189,103,3,إِلَّا,Except,6,
77207,104,3,أَنَّ,that,10,
77208,104,3,مَالَهُ,his wealth,11,
77209,104,3,أَخْلَدَهُ,will make him,12,
77210,104,4,كَلَّا,Nay!,13,
77211,104,4,لَيُنْبَذَنَّ,Surely he will be thrown,14,
77212,104,4,فِي,in,15,
77221,104,7,الَّتِي,Which,24,
77222,104,7,تَطَّلِعُ,mounts up,25,
77223,104,7,عَلَى,to,26,
77224,104,7,الْأَفْئِدَةِ,the hearts.,27,
77225,104,8,إِنَّهَا,"""Indeed",28,
77226,104,8,عَلَيْهِمْ,(will be) upon them,29,
77227,104,8,مُؤْصَدَةٌ,"""closed over",30,
77231,105,1,أَلَمْ,Have not,1,
77232,105,1,تَرَ,you seen,2,
77233,105,1,كَيْفَ,how,3,
77234,105,1,فَعَلَ,dealt,4,
77235,105,1,رَبُّكَ,your Lord,5,
77236,105,1,بِأَصْحَابِ,with (the) Companions,6,
77237,105,1,الْفِيلِ,(of the) Elephant?,7,
77238,105,2,أَلَمْ,Did not,8,
77239,105,2,يَجْعَلْ,He make,9,
77240,105,2,كَيْدَهُمْ,their plan,10,
77241,105,2,فِي,go,11,
77242,105,2,تَضْلِيلٍ,astray?,12,
77243,105,3,وَأَرْسَلَ,And He sent,13,
77256,106,2,إِيلَافِهِمْ,Their familiarity,3,
77257,106,2,رِحْلَةَ,(with the) journey,4,
77258,106,2,الشِّتَاءِ,(of) winter,5,
77259,106,2,وَالصَّيْفِ,"""and summer",6,
77260,106,3,فَلْيَعْبُدُوا,So let them worship,7,
77261,106,3,رَبَّ,(the) Lord,8,
77262,106,3,هَذَا,(of) this,9,
77263,106,3,الْبَيْتِ,"""House",10,
77270,106,4,خَوْفٍ,fear.,17,
77271,107,1,أَرَءَيْتَ,Have you seen,1,
77272,107,1,الَّذِي,the one who,2,
77273,107,1,يُكَذِّبُ,denies,3,
77274,107,1,بِالدِّينِ,the Judgment?,4,
77275,107,2,فَذَلِكَ,Then that,5,
77276,107,2,الَّذِي,(is) the one who,6,
77213,104,4,الْحُطَمَةِ,the Crusher.,16,
77354,111,1,لَهَبٍ,Lahab,4,
77355,111,1,وَتَبَّ,and perish he.,5,
77356,111,2,مَا,Not,6,
77357,111,2,أَغْنَى,(will) avail,7,
77358,111,2,عَنْهُ,him,8,
77359,111,2,مَالُهُ,his wealth,9,
77280,107,3,يَحُضُّ,feel the urge,10,
77281,107,3,عَلَى,to,11,
77282,107,3,طَعَامِ,feed,12,
77283,107,3,الْمِسْكِينِ,the poor.,13,
77284,107,4,فَوَيْلٌ,So woe,14,
77285,107,4,لِلْمُصَلِّينَ,"""to those who pray",15,
77286,107,5,الَّذِينَ,Those who,16,
77326,109,5,مَا,(of) what,21,
77327,109,5,أَعْبُدُ,I worship.,22,
77328,109,6,لَكُمْ,For you,23,
77329,109,6,دِينُكُمْ,"""(is) your religion",24,
77330,109,6,وَلِيَ,and for me,25,
77331,109,6,دِينِ,"""(is) my religion.""""""",26,
77332,110,1,إِذَا,When,1,
77333,110,1,جَاءَ,comes,2,
77334,110,1,نَصْرُ,(the) Help,3,
77335,110,1,اللَّهِ,(of) Allah,4,
77360,111,2,وَمَا,and what,10,
77361,111,2,كَسَبَ,he earned.,11,
77362,111,3,سَيَصْلَى,He will be burnt,12,
77363,111,3,نَارًا,(in) a Fire,13,
77364,111,3,ذَاتَ,of,14,
77365,111,3,لَهَبٍ,"""Blazing Flames",15,
77366,111,4,وَامْرَأَتُهُ,"""And his wife",16,
77367,111,4,حَمَّالَةَ,(the) carrier,17,
77368,111,4,الْحَطَبِ,"""(of) firewood",18,
77369,111,5,فِي,In,19,
77370,111,5,جِيدِهَا,her neck,20,
77287,107,5,هُمْ,[they],17,
77288,107,5,عَنْ,about,18,
77289,107,5,صَلَاتِهِمْ,their prayers,19,
77290,107,5,سَاهُونَ,"""(are) neglectful",20,
77291,107,6,الَّذِينَ,Those who,21,
77292,107,6,هُمْ,[they],22,
77293,107,6,يُرَاءُونَ,make show.,23,
77294,107,7,وَيَمْنَعُونَ,And they deny,24,
77295,107,7,الْمَاعُونَ,[the] small kindnesses.,25,
77296,108,1,إِنَّا,"""Indeed",1,
77306,109,1,قُلْ,"""Say",1,
77318,109,4,وَلَا,And not,13,
77319,109,4,أَنَا,I am,14,
77320,109,4,عَابِدٌ,a worshipper,15,
77321,109,4,مَا,(of) what,16,
77322,109,4,عَبَدْتُمْ,you worship.,17,
77323,109,5,وَلَا,And not,18,
77324,109,5,أَنْتُمْ,you,19,
77336,110,1,وَالْفَتْحُ,"""and the Victory",5,
77337,110,2,وَرَأَيْتَ,And you see,6,
77338,110,2,النَّاسَ,the people,7,
77339,110,2,يَدْخُلُونَ,entering,8,
77340,110,2,فِي,into,9,
77341,110,2,دِينِ,(the) religion,10,
77342,110,2,اللَّهِ,(of) Allah,11,
77343,110,2,أَفْوَاجًا,(in) multitudes.,12,
77344,110,3,فَسَبِّحْ,Then glorify,13,
77345,110,3,بِحَمْدِ,with (the) praises,14,
77346,110,3,رَبِّكَ,(of) your Lord,15,
77347,110,3,وَاسْتَغْفِرْهُ,and ask His forgiveness.,16,
77348,110,3,إِنَّهُ,"""Indeed",17,
77352,111,1,يَدَا,(the) hands,2,
77353,111,1,أَبِي,(of) Abu,3,
77325,109,5,عَابِدُونَ,(are) worshippers,20,
77427,114,5,صُدُورِ,(the) breasts,16,
77428,114,5,النَّاسِ,"""(of) mankind",17,
77429,114,6,مِنَ,From,18,
77430,114,6,الْجِنَّةِ,the jinn,20,
77431,114,6,وَالنَّاسِ,and men.,21,
75124,78,1,عَمَّ,About what,1,
75125,78,1,يَتَسَاءَلُونَ,are they asking one another?,2,
75127,78,2,النَّبَإِ,the News,4,
75128,78,2,الْعَظِيمِ,"""the Great",5,
75129,78,3,الَّذِي,(About) which,6,
75140,78,6,الْأَرْضَ,the earth,17,
75150,78,10,اللَّيْلَ,the night,27,
75151,78,10,لِبَاسًا,"""(as) covering",28,
75152,78,11,وَجَعَلْنَا,And We made,29,
75153,78,11,النَّهَارَ,the day,30,
75163,78,14,مِنَ,from,40,
75164,78,14,الْمُعْصِرَاتِ,the rain clouds,41,
75165,78,14,مَاءً,water,42,
75171,78,16,وَجَنَّاتٍ,And gardens,48,
75172,78,16,أَلْفَافًا,(of) thick foliage.,49,
75173,78,17,إِنَّ,"""Indeed",50,
75174,78,17,يَوْمَ,(the) Day,51,
77416,114,2,مَلِكِ,(The) King,5,
77417,114,2,النَّاسِ,"""(of) mankind",6,
77418,114,3,إِلَهِ,(The) God,7,
77419,114,3,النَّاسِ,"""(of) mankind",8,
77420,114,4,مِنْ,From,9,
77421,114,4,شَرِّ,(the) evil,10,
77422,114,4,الْوَسْوَاسِ,"""(of) the whisperer",11,
77423,114,4,الْخَنَّاسِ,"""the one who withdraws",12,
77424,114,5,الَّذِي,The one who,13,
77425,114,5,يُوَسْوِسُ,whispers,14,
77426,114,5,فِي,in,15,
75999,84,10,وَأَمَّا,But as for,38,
76008,84,12,وَيَصْلَى,And he will burn,47,
76019,84,14,يَحُورَ,he would return.,58,
76027,84,16,أُقْسِمُ,I swear,66,
76028,84,16,بِالشَّفَقِ,"""by the twilight glow",67,
76040,84,20,لَهُمْ,(is) for them,79,
76048,84,21,يَسْجُدُونَ,they prostrate?,87,
76062,84,25,ءَامَنُوا,believe,101,
76069,85,1,وَالسَّمَاءِ,"""By the sky",1,
76078,85,4,الْأُخْدُودِ,"""(of) the pit",10,
76090,85,7,بِالْمُؤْمِنِينَ,to the believers,22,
76097,85,8,يُؤْمِنُوا,they believed,29,
76098,85,8,بِاللَّهِ,in Allah,30,
76099,85,8,الْعَزِيزِ,"""the All-Mighty",31,
76100,85,8,الْحَمِيدِ,"""the Praiseworthy",32,
76101,85,9,الَّذِي,"""The One Who",33,
76103,85,9,مُلْكُ,(is) the dominion,35,
76104,85,9,السَّمَاوَاتِ,(of) the heavens,36,
76105,85,9,وَالْأَرْضِ,and the earth;,37,
76106,85,9,وَاللَّهُ,and Allah,38,
76107,85,9,عَلَى,on,39,
76108,85,9,كُلِّ,every,40,
76109,85,9,شَيْءٍ,thing,41,
76110,85,9,شَهِيدٌ,(is) a Witness.,42,
76111,85,10,إِنَّ,"""Indeed",43,
76112,85,10,الَّذِينَ,those who,44,
76113,85,10,فَتَنُوا,persecuted,45,
76114,85,10,الْمُؤْمِنِينَ,the believing men,46,
76115,85,10,وَالْمُؤْمِنَاتِ,"""and the believing women",47,
76116,85,10,ثُمَّ,then,48,
76117,85,10,لَمْ,not,49,
75910,83,26,فَلْيَتَنَافَسِ,let aspire,118,
75914,83,27,تَسْنِيمٍ,"""Tasneem",122,
75918,83,28,الْمُقَرَّبُونَ,those brought near.,126,
75930,83,30,يَتَغَامَزُونَ,they winked at one another.,138,
75931,83,31,وَإِذَا,And when,139,
75932,83,31,انْقَلَبُوا,they returned,140,
75933,83,31,إِلَى,to,141,
75977,84,5,وَحُقَّتْ,and was obligated.,16,
75989,84,7,كِتَابَهُ,his record,28,
76427,89,8,لَمْ,not,25,
76428,89,8,يُخْلَقْ,had been created,26,
76429,89,8,مِثْلُهَا,like them,27,
76430,89,8,فِي,in,28,
76431,89,8,الْبِلَادِ,"""the cities",29,
76432,89,9,وَثَمُودَ,"""And Thamud",30,
76433,89,9,الَّذِينَ,who,31,
76434,89,9,جَابُوا,carved out,32,
76435,89,9,الصَّخْرَ,the rocks,33,
76436,89,9,بِالْوَادِ,"""in the valley",34,
76477,89,17,بَلْ,But,75,
76437,89,10,وَفِرْعَوْنَ,"""And Firaun",35,
76438,89,10,ذِي,owner of,36,
76439,89,10,الْأَوْتَادِ,stakes?,37,
76500,89,22,وَجَاءَ,And comes,98,
76501,89,22,رَبُّكَ,your Lord,99,
76502,89,22,وَالْمَلَكُ,"""and the Angels",100,
76440,89,11,الَّذِينَ,Who,38,
76441,89,11,طَغَوْا,transgressed,39,
76442,89,11,فِي,in,40,
76443,89,11,الْبِلَادِ,"""the lands",41,
76471,89,16,عَلَيْهِ,for him,69,
76472,89,16,رِزْقَهُ,"""his provision",70,
76478,89,17,لَا,not,76,
76479,89,17,تُكْرِمُونَ,you honor,77,
76480,89,17,الْيَتِيمَ,"""the orphan",78,
76481,89,18,وَلَا,And not,79,
76482,89,18,تَحَاضُّونَ,you feel the urge,80,
76483,89,18,عَلَى,to,81,
76484,89,18,طَعَامِ,feed,82,
76485,89,18,الْمِسْكِينِ,the poor.,83,
76486,89,19,وَتَأْكُلُونَ,And you consume,84,
76473,89,16,فَيَقُولُ,then he says,71,
76487,89,19,التُّرَاثَ,the inheritance,85,
76488,89,19,أَكْلًا,devouring,86,
76489,89,19,لَمًّا,"""altogether",87,
76490,89,20,وَتُحِبُّونَ,And you love,88,
76491,89,20,الْمَالَ,wealth,89,
76492,89,20,حُبًّا,(with) love,90,
76493,89,20,جَمًّا,immense.,91,
76494,89,21,كَلَّا,Nay!,92,
76495,89,21,إِذَا,When,93,
76496,89,21,دُكَّتِ,is leveled,94,
76497,89,21,الْأَرْضُ,"""the earth",95,
76503,89,22,صَفًّا,"""rank",101,
76504,89,22,صَفًّا,"""(upon) rank",102,
76505,89,23,وَجِاىءَ,"""And is brought",103,
76565,90,6,لُبَدًا,"""abundant.""""""",26,
76474,89,16,رَبِّي,"""""""My Lord""",72,
76566,90,7,أَيَحْسَبُ,Does he think,27,
76567,90,7,أَنْ,that,28,
76568,90,7,لَمْ,not,29,
76569,90,7,يَرَهُ,sees him,30,
76570,90,7,أَحَدٌ,anyone?,31,
76603,90,17,مِنَ,of,64,
76604,90,17,الَّذِينَ,those who,65,
76475,89,16,أَهَانَنِ,"""(has) humiliated me.""""""",73,
76476,89,17,كَلَّا,Nay!,74,
76498,89,21,دَكًّا,"""pounded",96,
76119,85,10,فَلَهُمْ,then for them,51,
76499,89,21,دَكًّا,"""(and) crushed",97,
76120,85,10,عَذَابُ,(is the) punishment,52,
76121,85,10,جَهَنَّمَ,(of) Hell,53,
76122,85,10,وَلَهُمْ,and for them,54,
76123,85,10,عَذَابُ,(is the) punishment,55,
76124,85,10,الْحَرِيقِ,(of) the Burning Fire.,56,
76125,85,11,إِنَّ,"""Indeed",57,
76126,85,11,الَّذِينَ,those who,58,
76127,85,11,ءَامَنُوا,believe,59,
76128,85,11,وَعَمِلُوا,and do,60,
76831,95,6,إِلَّا,Except,18,
76832,95,6,الَّذِينَ,those who,19,
76833,95,6,ءَامَنُوا,believe,20,
76834,95,6,وَعَمِلُوا,and do,21,
76835,95,6,الصَّالِحَاتِ,"""righteous deeds",22,
76836,95,6,فَلَهُمْ,then for them,23,
76837,95,6,أَجْرٌ,(is a) reward,24,
76838,95,6,غَيْرُ,never,25,
76839,95,6,مَمْنُونٍ,ending.,26,
76840,95,7,فَمَا,Then what,27,
76841,95,7,يُكَذِّبُكَ,causes you to deny,28,
76842,95,7,بَعْدُ,after (this),29,
76843,95,7,بِالدِّينِ,the judgment?,30,
76844,95,8,أَلَيْسَ,Is not,31,
76845,95,8,اللَّهُ,Allah,32,
76882,96,10,عَبْدًا,A slave,35,
76883,96,10,إِذَا,when,36,
76884,96,10,صَلَّى,he prays?,37,
76914,96,18,الزَّبَانِيَةَ,the Angels,67,
76915,96,19,كَلَّا,Nay!,68,
76606,90,17,وَتَوَاصَوْا,and enjoin (each other),67,
76607,90,17,بِالصَّبْرِ,"""to patience",68,
76620,90,20,نَارٌ,(will be the) Fire,81,
76621,90,20,مُؤْصَدَةٌ,closed in.,82,
76622,91,1,وَالشَّمْسِ,By the sun,1,
76624,91,2,وَالْقَمَرِ,And the moon,3,
76920,97,1,إِنَّا,"""Indeed",1,
77057,99,4,أَخْبَارَهَا,"""its news",14,
76941,97,4,رَبِّهِمْ,"""(of) their Lord",22,
77069,99,7,يَعْمَلْ,does,26,
77070,99,7,مِثْقَالَ,(equal to the) weight,27,
77073,99,7,يَرَهُ,"""will see it",30,
77074,99,8,وَمَنْ,And whoever,31,
77075,99,8,يَعْمَلْ,does,32,
77076,99,8,مِثْقَالَ,(equal to the) weight,33,
77077,99,8,ذَرَّةٍ,(of) an atom,34,
77078,99,8,شَرًّا,"""evil",35,
77079,99,8,يَرَهُ,will see it.,36,
77080,100,1,وَالْعَادِيَاتِ,By the racers,1,
77081,100,1,ضَبْحًا,"""panting",2,
77082,100,2,فَالْمُورِيَاتِ,"""And the producers of sparks",3,
77042,98,8,خَشِيَ,feared,93,
77062,99,6,يَوْمَئِذٍ,That Day,19,
77063,99,6,يَصْدُرُ,will proceed,20,
76921,97,1,أَنْزَلْنَاهُ,revealed it,2,
76938,97,4,وَالرُّوحُ,and the Spirit,19,
76940,97,4,بِإِذْنِ,by (the) permission,21,
77084,100,3,فَالْمُغِيرَاتِ,And the chargers,5,
77085,100,3,صُبْحًا,"""(at) dawn",6,
77086,100,4,فَأَثَرْنَ,Then raise,7,
77087,100,4,بِهِ,thereby,8,
77088,100,4,نَقْعًا,"""dust",9,
77089,100,5,فَوَسَطْنَ,Then penetrate (in the) center,10,
77090,100,5,بِهِ,thereby,11,
77091,100,5,جَمْعًا,collectively,12,
77092,100,6,إِنَّ,"""Indeed",13,
77093,100,6,الْإِنْسَانَ,"""mankind",14,
77094,100,6,لِرَبِّهِ,"""to his Lord",15,
77163,102,3,تَعْلَمُونَ,you will know.,8,
77164,102,4,ثُمَّ,"""Then",9,
77165,102,4,كَلَّا,nay!,10,
77166,102,4,سَوْفَ,Soon,11,
77167,102,4,تَعْلَمُونَ,you will know.,12,
77168,102,5,كَلَّا,Nay!,13,
77169,102,5,لَوْ,If,14,
77170,102,5,تَعْلَمُونَ,you know,15,
77171,102,5,عِلْمَ,(with) a knowledge,16,
77172,102,5,الْيَقِينِ,(of) certainty.,17,
77173,102,6,لَتَرَوُنَّ,Surely you will see,18,
77174,102,6,الْجَحِيمَ,the Hellfire.,19,
77175,102,7,ثُمَّ,Then,20,
77199,104,1,لِكُلِّ,to every,2,
77200,104,1,هُمَزَةٍ,slanderer,3,
77201,104,1,لُمَزَةٍ,backbiter!,4,
77202,104,2,الَّذِي,The one who,5,
77203,104,2,جَمَعَ,collects,6,
77204,104,2,مَالًا,wealth,7,
77205,104,2,وَعَدَّدَهُ,and counts it.,8,
77206,104,3,يَحْسَبُ,Thinking,9,
77230,104,9,مُمَدَّدَةٍ,extended.,33,
77249,105,4,مِنْ,of,19,
77250,105,4,سِجِّيلٍ,baked clay.,20,
77252,105,5,كَعَصْفٍ,like straw,22,
77253,105,5,مَأْكُولٍ,eaten up.,23,
77254,106,1,لِإِيلَافِ,For (the) familiarity,1,
77255,106,1,قُرَيْشٍ,"""(of the) Quraish",2,
76918,96,19,وَاسْجُدْ,But prostrate,71,
76919,96,19,وَاقْتَرِبْ,and draw near (to Allah).,72,
76943,97,4,كُلِّ,every,24,
77041,98,8,لِمَنْ,(is) for whoever,92,
77043,98,8,رَبَّهُ,his Lord.,94,
77045,99,1,زُلْزِلَتِ,is shaken,2,
77046,99,1,الْأَرْضُ,the earth,3,
77051,99,3,وَقَالَ,And says,8,
77064,99,6,النَّاسُ,the mankind,21,
77065,99,6,أَشْتَاتًا,(in) scattered groups,22,
77066,99,6,لِيُرَوْا,to be shown,23,
77067,99,6,أَعْمَالَهُمْ,their deeds.,24,
77068,99,7,فَمَنْ,So whoever,25,
77071,99,7,ذَرَّةٍ,(of) an atom,28,
77072,99,7,خَيْرًا,"""good",29,
77083,100,2,قَدْحًا,striking,4,
77095,100,6,لَكَنُودٌ,(is) surely ungrateful.,16,
77251,105,5,فَجَعَلَهُمْ,Then He made them,21,
77096,100,7,وَإِنَّهُ,"""And indeed",17,
77098,100,7,ذَلِكَ,that,19,
77099,100,7,لَشَهِيدٌ,"""surely (is) a witness",20,
77100,100,8,وَإِنَّهُ,And indeed he,21,
77101,100,8,لِحُبِّ,in (the) love,22,
77102,100,8,الْخَيْرِ,(of) wealth,23,
77103,100,8,لَشَدِيدٌ,(is) surely intense.,24,
77385,112,4,يَكُنْ,is,12,
77386,112,4,لَهُ,for Him,13,
77388,112,4,أَحَدٌ,"""any [one].""""""",15,
77389,113,1,قُلْ,"""Say",1,
75168,78,15,بِهِ,thereby,45,
75169,78,15,حَبًّا,grain,46,
75170,78,15,وَنَبَاتًا,"""and vegetation",47,
77297,108,1,أَعْطَيْنَاكَ,We have given you,2,
77298,108,1,الْكَوْثَرَ,"""Al-Kauthar",3,
77299,108,2,فَصَلِّ,So pray,4,
77300,108,2,لِرَبِّكَ,to your Lord,5,
77301,108,2,وَانْحَرْ,and sacrifice.,6,
77302,108,3,إِنَّ,"""Indeed",7,
77303,108,3,شَانِئَكَ,your enemy -,8,
77304,108,3,هُوَ,he (is),9,
77309,109,2,لَا,Not,4,
77310,109,2,أَعْبُدُ,I worship,5,
77311,109,2,مَا,what,6,
77312,109,2,تَعْبُدُونَ,you worship.,7,
77313,109,3,وَلَا,And not,8,
77314,109,3,أَنْتُمْ,you,9,
77315,109,3,عَابِدُونَ,(are) worshippers,10,
77316,109,3,مَا,(of) what,11,
75142,78,7,وَالْجِبَالَ,And the mountains,19,
75157,78,12,سَبْعًا,seven,34,
75145,78,8,أَزْوَاجًا,"""(in) pairs",22,
75146,78,9,وَجَعَلْنَا,And We made,23,
75147,78,9,نَوْمَكُمْ,your sleep,24,
75148,78,9,سُبَاتًا,"""(for) rest",25,
75158,78,12,شِدَادًا,"""strong",35,
75159,78,13,وَجَعَلْنَا,And We placed,36,
75160,78,13,سِرَاجًا,a lamp,37,
75161,78,13,وَهَّاجًا,"""burning",38,
75162,78,14,وَأَنْزَلْنَا,And We sent down,39,
75166,78,14,ثَجَّاجًا,"""pouring abundantly",43,
75167,78,15,لِنُخْرِجَ,That We may bring forth,44,
75177,78,17,مِيقَاتًا,"""an appointed time",54,
75178,78,18,يَوْمَ,(The) Day,55,
75179,78,18,يُنْفَخُ,(in which) shall be blown,56,
75180,78,18,فِي,in,57,
75181,78,18,الصُّورِ,the trumpet,58,
75184,78,19,وَفُتِحَتِ,And is opened,61,
77372,111,5,مِنْ,of,22,
77373,111,5,مَسَدٍ,palm-fiber.,23,
77374,112,1,قُلْ,"""Say",1,
77375,112,1,هُوَ,"""""""He""",2,
77376,112,1,اللَّهُ,"""(is) Allah",3,
77377,112,1,أَحَدٌ,the One.,4,
77378,112,2,اللَّهُ,"""Allah",5,
77379,112,2,الصَّمَدُ,"""the Eternal",6,
77380,112,3,لَمْ,Not,7,
77381,112,3,يَلِدْ,He begets,8,
77382,112,3,وَلَمْ,and not,9,
77390,113,1,أَعُوذُ,"""""""I seek refuge""",2,
77317,109,3,أَعْبُدُ,I worship,12,
77391,113,1,بِرَبِّ,in (the) Lord,3,
77392,113,1,الْفَلَقِ,"""(of) the dawn",4,
77393,113,2,مِنْ,From,5,
77394,113,2,شَرِّ,(the) evil,6,
77395,113,2,مَا,(of) what,7,
75149,78,10,وَجَعَلْنَا,And We made,26,
75154,78,11,مَعَاشًا,"""(for) livelihood",31,
75155,78,12,وَبَنَيْنَا,And We constructed,32,
75156,78,12,فَوْقَكُمْ,over you,33,
75185,78,19,السَّمَاءُ,the heaven,62,
75186,78,19,فَكَانَتْ,and becomes,63,
77383,112,3,يُولَدْ,He is begotten.,10,
75187,78,19,أَبْوَابًا,"""gateways",64,
75188,78,20,وَسُيِّرَتِ,And are moved,65,
75189,78,20,الْجِبَالُ,the mountains,66,
75190,78,20,فَكَانَتْ,and become,67,
75191,78,20,سَرَابًا,a mirage.,68,
77305,108,3,الْأَبْتَرُ,the one cut off.,10,
77307,109,1,يَاأَيُّهَا,"""""""O""",2,
77308,109,1,الْكَافِرُونَ,disbelievers!,3,
77349,110,3,كَانَ,is,18,
77350,110,3,تَوَّابًا,Oft-Returning.,19,
77351,111,1,تَبَّتْ,Perish,1,
77371,111,5,حَبْلٌ,(will be) a rope,21,
77384,112,4,وَلَمْ,And not,11,
75250,78,37,السَّمَاوَاتِ,(of) the heavens,127,
75251,78,37,وَالْأَرْضِ,and the earth,128,
75252,78,37,وَمَا,and whatever,129,
75270,78,38,الرَّحْمَنُ,"""the Most Gracious",147,
75271,78,38,وَقَالَ,and he (will) say,148,
75272,78,38,صَوَابًا,(what is) correct.,149,
75273,78,39,ذَلِكَ,That,150,
75274,78,39,الْيَوْمُ,(is) the Day,151,
75275,78,39,الْحَقُّ,the True.,152,
75276,78,39,فَمَنْ,So whoever,153,
75277,78,39,شَاءَ,wills,154,
75279,78,39,إِلَى,towards,156,
75280,78,39,رَبِّهِ,his Lord,157,
75289,78,40,مَا,what,166,
75193,78,21,جَهَنَّمَ,Hell,70,
75194,78,21,كَانَتْ,is,71,
75195,78,21,مِرْصَادًا,"""lying in wait",72,
75196,78,22,لِلطَّاغِينَ,For the transgressors,73,
75197,78,22,مَءَابًا,"""a place of return",74,
75198,78,23,لَابِثِينَ,(They will) be remaining,75,
75199,78,23,فِيهَا,therein,76,
75200,78,23,أَحْقَابًا,(for) ages.,77,
75201,78,24,لَا,Not,78,
75202,78,24,يَذُوقُونَ,they will taste,79,
75203,78,24,فِيهَا,therein,80,
75204,78,24,بَرْدًا,coolness,81,
75205,78,24,وَلَا,and not,82,
75206,78,24,شَرَابًا,"""any drink",83,
75207,78,25,إِلَّا,Except,84,
75209,78,25,وَغَسَّاقًا,"""and purulence",86,
75210,78,26,جَزَاءً,A recompense,87,
75211,78,26,وِفَاقًا,appropriate.,88,
75212,78,27,إِنَّهُمْ,"""Indeed",89,
75213,78,27,كَانُوا,were,90,
75214,78,27,لَا,not,91,
75215,78,27,يَرْجُونَ,expecting,92,
75216,78,27,حِسَابًا,"""an account",93,
75217,78,28,وَكَذَّبُوا,And they denied,94,
75218,78,28,بِءَايَاتِنَا,Our Signs,95,
75219,78,28,كِذَّابًا,(with) denial.,96,
75220,78,29,وَكُلَّ,And every,97,
75221,78,29,شَيْءٍ,thing,98,
75223,78,29,كِتَابًا,(in) a Book.,100,
75224,78,30,فَذُوقُوا,"""So taste",101,
75225,78,30,فَلَنْ,and never,102,
75226,78,30,نَزِيدَكُمْ,We will increase you,103,
75227,78,30,إِلَّا,except,104,
75228,78,30,عَذَابًا,(in) punishment.,105,
75229,78,31,إِنَّ,"""Indeed",106,
75230,78,31,لِلْمُتَّقِينَ,for the righteous,107,
75231,78,31,مَفَازًا,"""(is) success",108,
75232,78,32,حَدَائِقَ,Gardens,109,
75233,78,32,وَأَعْنَابًا,"""and grapevines",110,
75234,78,33,وَكَوَاعِبَ,And splendid companions,111,
75243,78,35,كِذَّابًا,"""any falsehood",120,
75248,78,36,حِسَابًا,"""(according to) account",125,
75253,78,37,بَيْنَهُمَا,(is) between both of them,130,
75254,78,37,الرَّحْمَنِ,"""the Most Gracious",131,
75255,78,37,لَا,not,132,
75256,78,37,يَمْلِكُونَ,they have power,133,
75257,78,37,مِنْهُ,from Him,134,
75258,78,37,خِطَابًا,(to) address.,135,
75259,78,38,يَوْمَ,(The) Day,136,
75260,78,38,يَقُومُ,will stand,137,
75261,78,38,الرُّوحُ,the Spirit,138,
75263,78,38,صَفًّا,"""(in) rows",140,
75264,78,38,لَا,not,141,
75265,78,38,يَتَكَلَّمُونَ,they will speak,142,
75266,78,38,إِلَّا,except,143,
75267,78,38,مَنْ,(one) who -,144,
75268,78,38,أَذِنَ,permits,145,
75269,78,38,لَهُ,[for] him,146,
75387,79,26,يَخْشَى,fears.,91,
75388,79,27,ءَأَنْتُمْ,Are you,92,
75389,79,27,أَشَدُّ,a more difficult,93,
75390,79,27,خَلْقًا,creation,94,
75391,79,27,أَمِ,or,95,
75392,79,27,السَّمَاءُ,the heaven.,96,
75393,79,27,بَنَاهَا,He constructed it?,97,
75397,79,29,وَأَغْطَشَ,And He darkened,101,
75398,79,29,لَيْلَهَا,its night,102,
75399,79,29,وَأَخْرَجَ,and brought out,103,
75400,79,29,ضُحَاهَا,its brightness.,104,
75401,79,30,وَالْأَرْضَ,And the earth,105,
75402,79,30,بَعْدَ,after,106,
75403,79,30,ذَلِكَ,that,107,
75404,79,30,دَحَاهَا,He spread it.,108,
75405,79,31,أَخْرَجَ,He brought forth,109,
75406,79,31,مِنْهَا,"""from it",110,
75407,79,31,مَاءَهَا,its water,111,
75408,79,31,وَمَرْعَاهَا,"""and its pasture",112,
75409,79,32,وَالْجِبَالَ,"""And the mountains",113,
75410,79,32,أَرْسَاهَا,He made them,114,
75411,79,33,مَتَاعًا,(As) a provision,115,
75412,79,33,لَكُمْ,for you,116,
75413,79,33,وَلِأَنْعَامِكُمْ,and for your cattle.,117,
75414,79,34,فَإِذَا,But when,118,
75415,79,34,جَاءَتِ,comes,119,
75416,79,34,الطَّامَّةُ,the Overwhelming Calamity,120,
75417,79,34,الْكُبْرَى,"""the great",121,
75418,79,35,يَوْمَ,(The) Day,122,
75419,79,35,يَتَذَكَّرُ,will remember,123,
75420,79,35,الْإِنْسَانُ,man,124,
75421,79,35,مَا,what,125,
75422,79,35,سَعَى,"""he strove (for)",126,
75423,79,36,وَبُرِّزَتِ,And will be made manifest,127,
75424,79,36,الْجَحِيمُ,the Hellfire,128,
75425,79,36,لِمَنْ,to (him) who,129,
75426,79,36,يَرَى,"""sees",130,
75427,79,37,فَأَمَّا,Then as for,131,
75428,79,37,مَنْ,(him) who,132,
75429,79,37,طَغَى,"""transgressed",133,
75430,79,38,وَءَاثَرَ,And preferred,134,
75431,79,38,الْحَيَوةَ,the life,135,
75432,79,38,الدُّنْيَا,"""(of) the world",136,
75433,79,39,فَإِنَّ,"""Then indeed",137,
75434,79,39,الْجَحِيمَ,"""the Hellfire",138,
75333,79,13,زَجْرَةٌ,(will be) a shout,37,
75334,79,13,وَاحِدَةٌ,"""single",38,
75335,79,14,فَإِذَا,And behold!,39,
75336,79,14,هُمْ,They,40,
75337,79,14,بِالسَّاهِرَةِ,(will be) awakened.,41,
75338,79,15,هَلْ,Has,42,
75339,79,15,أَتَىكَ,(there) come to you,43,
75340,79,15,حَدِيثُ,(the) story,44,
75341,79,15,مُوسَى,(of) Musa?,45,
75342,79,16,إِذْ,When,46,
75343,79,16,نَادَاهُ,called him,47,
75344,79,16,رَبُّهُ,his Lord,48,
75345,79,16,بِالْوَادِ,in the valley,49,
75346,79,16,الْمُقَدَّسِ,the sacred,50,
75350,79,17,فِرْعَوْنَ,Firaun.,54,
75359,79,19,وَأَهْدِيَكَ,And I will guide you,63,
75370,79,22,يَسْعَى,"""striving",74,
75371,79,23,فَحَشَرَ,And he gathered,75,
75372,79,23,فَنَادَى,"""and called out",76,
75373,79,24,فَقَالَ,"""Then he said",77,
75374,79,24,أَنَا,"""""""I am""",78,
75375,79,24,رَبُّكُمُ,"""your Lord",79,
75376,79,24,الْأَعْلَى,"""the Most High.""""""",80,
75377,79,25,فَأَخَذَهُ,So seized him,81,
75378,79,25,اللَّهُ,Allah,82,
75379,79,25,نَكَالَ,(with) an exemplary punishment,83,
75380,79,25,الْءَاخِرَةِ,(for) the last,84,
75381,79,25,وَالْأُولَى,and the first.,85,
75382,79,26,إِنَّ,"""Indeed",86,
75383,79,26,فِي,in,87,
75384,79,26,ذَلِكَ,that,88,
75385,79,26,لَعِبْرَةً,surely (is) a lesson,89,
75386,79,26,لِمَنْ,for whoever,90,
75394,79,28,رَفَعَ,He raised,98,
75395,79,28,سَمْكَهَا,its ceiling,99,
75396,79,28,فَسَوَّاهَا,and proportioned it.,100,
75514,80,13,فِي,In,39,
75446,79,41,فَإِنَّ,"""Then indeed",150,
75447,79,41,الْجَنَّةَ,Paradise -,151,
75449,79,41,الْمَأْوَى,the refuge.,153,
75515,80,13,صُحُفٍ,sheets,40,
75516,80,13,مُكَرَّمَةٍ,"""honored",41,
75548,80,23,مَا,what,73,
75549,80,23,أَمَرَهُ,He commanded him.,74,
75550,80,24,فَلْيَنْظُرِ,Then let look,75,
75551,80,24,الْإِنْسَانُ,the man,76,
75450,79,42,يَسْءَلُونَكَ,They ask you,154,
75552,80,24,إِلَى,at,77,
75553,80,24,طَعَامِهِ,"""his food",78,
75451,79,42,عَنِ,about,155,
75452,79,42,السَّاعَةِ,"""the Hour",156,
75453,79,42,أَيَّانَ,when,157,
75454,79,42,مُرْسَاهَا,(is) its arrival?,158,
75455,79,43,فِيمَ,In what,159,
75456,79,43,أَنْتَ,(are) you,160,
75457,79,43,مِنْ,[of],161,
75458,79,43,ذِكْرَاهَا,(to) mention it?,162,
75463,79,45,أَنْتَ,you,167,
75464,79,45,مُنْذِرُ,(are) a warner,168,
75486,80,4,يَذَّكَّرُ,be reminded,11,
75493,80,6,لَهُ,to him,18,
75494,80,6,تَصَدَّى,give attention.,19,
75495,80,7,وَمَا,And not,20,
75496,80,7,عَلَيْكَ,upon you,21,
75497,80,7,أَلَّا,that not,22,
75498,80,7,يَزَّكَّى,he purifies himself.,23,
75499,80,8,وَأَمَّا,But as for,24,
75500,80,8,مَنْ,(he) who,25,
75501,80,8,جَاءَكَ,came to you,26,
75554,80,25,أَنَّا,That [We],79,
75555,80,25,صَبَبْنَا,[We] poured,80,
75556,80,25,الْمَاءَ,the water,81,
75557,80,25,صَبًّا,"""(in) abundance",82,
75558,80,26,ثُمَّ,Then,83,
75559,80,26,شَقَقْنَا,We cleaved,84,
75437,79,40,وَأَمَّا,But as for,141,
75438,79,40,مَنْ,(him) who,142,
75439,79,40,خَافَ,feared,143,
75440,79,40,مَقَامَ,standing,144,
75441,79,40,رَبِّهِ,"""(before) his Lord",145,
75442,79,40,وَنَهَى,and restrained,146,
75443,79,40,النَّفْسَ,his soul,147,
75444,79,40,عَنِ,from,148,
75445,79,40,الْهَوَى,"""the vain desires",149,
75502,80,8,يَسْعَى,"""striving",27,
75503,80,9,وَهُوَ,While he,28,
75504,80,9,يَخْشَى,"""fears",29,
75505,80,10,فَأَنْتَ,But you,30,
75506,80,10,عَنْهُ,from,31,
75508,80,11,كَلَّا,Nay!,33,
75509,80,11,إِنَّهَا,"""Indeed",34,
75510,80,11,تَذْكِرَةٌ,"""(is) a reminder",35,
75511,80,12,فَمَنْ,So whosoever,36,
75512,80,12,شَاءَ,wills,37,
75513,80,12,ذَكَرَهُ,may remember it.,38,
75579,80,34,يَوْمَ,(The) Day,104,
75580,80,34,يَفِرُّ,will flee,105,
75581,80,34,الْمَرْءُ,a man,106,
75582,80,34,مِنْ,from,107,
75584,80,35,وَأُمِّهِ,And his mother,109,
75585,80,35,وَأَبِيهِ,"""and his father",110,
75586,80,36,وَصَاحِبَتِهِ,And his wife,111,
75587,80,36,وَبَنِيهِ,"""and his children",112,
75710,81,29,اللَّهُ,"""Allah",102,
75711,81,29,رَبُّ,Lord,103,
75712,81,29,الْعَالَمِينَ,(of) the worlds.,104,
75576,80,33,فَإِذَا,But when,101,
75577,80,33,جَاءَتِ,comes,102,
75588,80,37,لِكُلِّ,For every,113,
75589,80,37,امْرِئٍ,man,114,
75590,80,37,مِنْهُمْ,among them,115,
75591,80,37,يَوْمَئِذٍ,that Day,116,
75592,80,37,شَأْنٌ,(will be) a matter,117,
75593,80,37,يُغْنِيهِ,occupying him.,118,
75594,80,38,وُجُوهٌ,"""Faces",119,
75595,80,38,يَوْمَئِذٍ,that Day,120,
75596,80,38,مُسْفِرَةٌ,"""(will be) bright",121,
75597,80,39,ضَاحِكَةٌ,"""Laughing",122,
75599,80,40,وَوُجُوهٌ,"""And faces",124,
75600,80,40,يَوْمَئِذٍ,"""that Day",125,
75629,81,7,زُوِّجَتْ,"""are paired",21,
75630,81,8,وَإِذَا,And when,22,
75631,81,8,الْمَوْءُودَةُ,the female infant buried alive,23,
75632,81,8,سُئِلَتْ,is asked,24,
75633,81,9,بِأَيِّ,For what,25,
75634,81,9,ذَنْبٍ,sin,26,
75635,81,9,قُتِلَتْ,she was killed.,27,
75636,81,10,وَإِذَا,And when,28,
75637,81,10,الصُّحُفُ,the pages,29,
75638,81,10,نُشِرَتْ,"""are laid open",30,
75639,81,11,وَإِذَا,And when,31,
75640,81,11,السَّمَاءُ,the sky,32,
75641,81,11,كُشِطَتْ,"""is stripped away",33,
75642,81,12,وَإِذَا,And when,34,
75643,81,12,الْجَحِيمُ,the Hellfire,35,
75644,81,12,سُعِّرَتْ,"""is set ablaze",36,
75645,81,13,وَإِذَا,And when,37,
75646,81,13,الْجَنَّةُ,Paradise,38,
75647,81,13,أُزْلِفَتْ,"""is brought near",39,
75648,81,14,عَلِمَتْ,Will know,40,
75682,81,23,الْمُبِينِ,the clear.,74,
75683,81,24,وَمَا,And not,75,
75684,81,24,هُوَ,he (is),76,
75687,81,24,بِضَنِينٍ,a withholder.,79,
75694,81,26,تَذْهَبُونَ,are you going?,86,
75704,81,28,يَسْتَقِيمَ,take a straight way.,96,
75708,81,29,أَنْ,that,100,
75709,81,29,يَشَاءَ,wills,101,
75713,82,1,إِذَا,When,1,
75714,82,1,السَّمَاءُ,the sky,2,
75715,82,1,انْفَطَرَتْ,"""(is) cleft asunder",3,
75716,82,2,وَإِذَا,And when,4,
75717,82,2,الْكَوَاكِبُ,the stars,5,
75718,82,2,انْتَثَرَتْ,"""scatter",6,
75719,82,3,وَإِذَا,And when,7,
75720,82,3,الْبِحَارُ,the seas,8,
75721,82,3,فُجِّرَتْ,are made to gush,9,
75722,82,4,وَإِذَا,And when,10,
75723,82,4,الْقُبُورُ,the graves,11,
75724,82,4,بُعْثِرَتْ,"""are overturned",12,
75725,82,5,عَلِمَتْ,Will know,13,
75578,80,33,الصَّاخَّةُ,"""the Deafening Blast",103,
75744,82,8,شَاءَ,"""He willed",32,
75745,82,8,رَكَّبَكَ,He assembled you.,33,
75753,82,11,كِرَامًا,Noble,41,
75754,82,11,كَاتِبِينَ,"""recording",42,
75755,82,12,يَعْلَمُونَ,They know,43,
75756,82,12,مَا,whatever,44,
75757,82,12,تَفْعَلُونَ,you do.,45,
75758,82,13,إِنَّ,"""Indeed",46,
75736,82,7,الَّذِي,Who,24,
75737,82,7,خَلَقَكَ,"""created you",25,
75738,82,7,فَسَوَّاكَ,then fashioned you,26,
75739,82,7,فَعَدَلَكَ,then balanced you?,27,
75740,82,8,فِي,In,28,
75741,82,8,أَيِّ,whatever,29,
75742,82,8,صُورَةٍ,form,30,
75743,82,8,مَا,what,31,
75746,82,9,كَلَّا,Nay!,34,
75747,82,9,بَلْ,But,35,
75748,82,9,تُكَذِّبُونَ,you deny,36,
75749,82,9,بِالدِّينِ,the Judgment.,37,
75750,82,10,وَإِنَّ,"""And indeed",38,
75751,82,10,عَلَيْكُمْ,over you,39,
75759,82,13,الْأَبْرَارَ,the righteous,47,
75761,82,13,نَعِيمٍ,"""bliss",49,
75762,82,14,وَإِنَّ,"""And indeed",50,
75763,82,14,الْفُجَّارَ,the wicked,51,
75764,82,14,لَفِي,(will be) surely in,52,
75765,82,14,جَحِيمٍ,Hellfire.,53,
75766,82,15,يَصْلَوْنَهَا,They will burn (in) it,54,
75767,82,15,يَوْمَ,(on the) Day,55,
75768,82,15,الدِّينِ,"""(of) the Judgment",56,
75769,82,16,وَمَا,And not,57,
75770,82,16,هُمْ,they,58,
75771,82,16,عَنْهَا,from it,59,
75772,82,16,بِغَائِبِينَ,(will be) absent.,60,
75773,82,17,وَمَا,And what,61,
75774,82,17,أَدْرَاكَ,can make you know,62,
75776,82,17,يَوْمُ,(is the) Day,64,
75777,82,17,الدِّينِ,(of) the Judgment?,65,
75778,82,18,ثُمَّ,"""Then",66,
75779,82,18,مَا,what,67,
75781,82,18,مَا,what,69,
75782,82,18,يَوْمُ,(is the) Day,70,
75783,82,18,الدِّينِ,(of) the Judgment?,71,
75784,82,19,يَوْمَ,(The) Day,72,
75785,82,19,لَا,not,73,
75786,82,19,تَمْلِكُ,will have power,74,
75787,82,19,نَفْسٌ,a soul,75,
75788,82,19,لِنَفْسٍ,for a soul,76,
75789,82,19,شَيْئًا,"""anything",77,
75790,82,19,وَالْأَمْرُ,and the Command,78,
75791,82,19,يَوْمَئِذٍ,that Day,79,
75797,83,2,اكْتَالُوا,they take a measure,5,
75798,83,2,عَلَى,from,6,
75799,83,2,النَّاسِ,"""the people",7,
75800,83,2,يَسْتَوْفُونَ,"""they take in full",8,
75802,83,3,كَالُوهُمْ,they give by measure (to) them,10,
75804,83,3,وَزَنُوهُمْ,they weigh (for) them,12,
75805,83,3,يُخْسِرُونَ,they give less.,13,
75806,83,4,أَلَا,Do not,14,
75807,83,4,يَظُنُّ,think,15,
75808,83,4,أُولَئِكَ,those,16,
75809,83,4,أَنَّهُمْ,that they,17,
75810,83,4,مَبْعُوثُونَ,"""(will be) resurrected",18,
75811,83,5,لِيَوْمٍ,For a Day,19,
75812,83,5,عَظِيمٍ,"""Great",20,
75813,83,6,يَوْمَ,(The) Day,21,
75814,83,6,يَقُومُ,will stand,22,
75815,83,6,النَّاسُ,mankind,23,
75816,83,6,لِرَبِّ,before (the) Lord,24,
75817,83,6,الْعَالَمِينَ,(of) the worlds?,25,
75818,83,7,كَلَّا,Nay!,26,
75819,83,7,إِنَّ,"""Indeed",27,
75727,82,5,مَا,what,15,
75728,82,5,قَدَّمَتْ,it has sent forth,16,
75729,82,5,وَأَخَّرَتْ,and left behind.,17,
75730,82,6,يَاأَيُّهَا,O,18,
75731,82,6,الْإِنْسَانُ,man!,19,
75732,82,6,مَا,What,20,
75733,82,6,غَرَّكَ,has deceived you,21,
75735,82,6,الْكَرِيمِ,"""the Most Noble",23,
75760,82,13,لَفِي,(will be) surely in,48,
75775,82,17,مَا,what,63,
75792,82,19,لِلَّهِ,(will be) with Allah.,80,
75852,83,14,بَلْ,"""But",60,
75853,83,14,رَانَ,(the) stain has covered,61,
75854,83,14,عَلَى,[over],62,
75855,83,14,قُلُوبِهِمْ,their hearts,63,
75856,83,14,مَا,(for) what,64,
75857,83,14,كَانُوا,they used to,65,
75858,83,14,يَكْسِبُونَ,earn.,66,
75859,83,15,كَلَّا,Nay!,67,
75860,83,15,إِنَّهُمْ,"""Indeed",68,
75861,83,15,عَنْ,from,69,
75935,83,31,انْقَلَبُوا,they would return,143,
75944,83,33,أُرْسِلُوا,they had been sent,152,
75966,84,2,لِرَبِّهَا,to its Lord,5,
75967,84,2,وَحُقَّتْ,"""and was obligated",6,
75968,84,3,وَإِذَا,And when,7,
75969,84,3,الْأَرْضُ,the earth,8,
75970,84,3,مُدَّتْ,"""is spread",9,
75836,83,11,الدِّينِ,(of) the Judgment.,44,
75971,84,4,وَأَلْقَتْ,And has cast out,10,
75837,83,12,وَمَا,And not,45,
75838,83,12,يُكَذِّبُ,can deny,46,
75839,83,12,بِهِ,[of] it,47,
75840,83,12,إِلَّا,except,48,
75841,83,12,كُلُّ,every,49,
75842,83,12,مُعْتَدٍ,transgressor,50,
75843,83,12,أَثِيمٍ,sinful.,51,
75847,83,13,ءَايَاتُنَا,"""Our Verses",55,
75848,83,13,قَالَ,"""he says",56,
75849,83,13,أَسَاطِيرُ,"""""""Stories""",57,
75850,83,13,الْأَوَّلِينَ,"""(of) the former (people).""""""",58,
75972,84,4,مَا,what,11,
75973,84,4,فِيهَا,(is) in it,12,
75974,84,4,وَتَخَلَّتْ,"""and becomes empty",13,
75975,84,5,وَأَذِنَتْ,And has listened,14,
75976,84,5,لِرَبِّهَا,to its Lord,15,
75978,84,6,يَاأَيُّهَا,O,17,
75979,84,6,الْإِنْسَانُ,mankind!,18,
75980,84,6,إِنَّكَ,"""Indeed",19,
75981,84,6,كَادِحٌ,(are) laboring,20,
75982,84,6,إِلَى,to,21,
76246,87,3,وَالَّذِي,And the One Who,8,
76247,87,3,قَدَّرَ,measured,9,
76248,87,3,فَهَدَى,"""then guided",10,
76249,87,4,وَالَّذِي,And the One Who,11,
76250,87,4,أَخْرَجَ,brings forth,12,
76251,87,4,الْمَرْعَى,"""the pasture",13,
76252,87,5,فَجَعَلَهُ,And then makes it,14,
76253,87,5,غُثَاءً,"""stubble",15,
76270,87,9,إِنْ,if,32,
75987,84,7,مَنْ,(him) who,26,
75988,84,7,أُوتِيَ,is given,27,
75990,84,7,بِيَمِينِهِ,"""in his right (hand)",29,
75991,84,8,فَسَوْفَ,Then soon,30,
75992,84,8,يُحَاسَبُ,his account will be taken,31,
75993,84,8,حِسَابًا,"""an account",32,
75994,84,8,يَسِيرًا,"""easy",33,
75995,84,9,وَيَنْقَلِبُ,And he will return,34,
75996,84,9,إِلَى,to,35,
75997,84,9,أَهْلِهِ,his people,36,
75998,84,9,مَسْرُورًا,happily.,37,
76000,84,10,مَنْ,(him) who,39,
76001,84,10,أُوتِيَ,is given,40,
76002,84,10,كِتَابَهُ,his record,41,
76003,84,10,وَرَاءَ,behind,42,
76004,84,10,ظَهْرِهِ,"""his back",43,
76005,84,11,فَسَوْفَ,Then soon,44,
76006,84,11,يَدْعُوا,he will call,45,
76007,84,11,ثُبُورًا,"""(for) destruction",46,
76009,84,12,سَعِيرًا,(in) a Blaze.,48,
76010,84,13,إِنَّهُ,"""Indeed",49,
76011,84,13,كَانَ,had been,50,
76118,85,10,يَتُوبُوا,"""they repented",50,
76129,85,11,الصَّالِحَاتِ,"""the righteous deeds",61,
76155,85,16,يُرِيدُ,He intends.,87,
76177,85,22,مَحْفُوظٍ,Guarded.,109,
76211,86,9,السَّرَائِرُ,"""the secrets",34,
76212,86,10,فَمَا,Then not,35,
76213,86,10,لَهُ,(is) for him,36,
76237,86,17,أَمْهِلْهُمْ,Give respite to them -,60,
76238,86,17,رُوَيْدًا,little.,61,
76239,87,1,سَبِّحِ,Glorify,1,
76240,87,1,اسْمَ,(the) name,2,
76241,87,1,رَبِّكَ,"""(of) your Lord",3,
76242,87,1,الْأَعْلَى,"""the Most High",4,
76243,87,2,الَّذِي,The One Who,5,
76244,87,2,خَلَقَ,"""created",6,
76245,87,2,فَسَوَّى,"""then proportioned",7,
75315,79,9,أَبْصَارُهَا,Their eyes,19,
75316,79,9,خَاشِعَةٌ,humbled.,20,
75845,83,13,تُتْلَى,are recited,53,
75326,79,12,قَالُوا,"""They say",30,
75846,83,13,عَلَيْهِ,to him,54,
76635,91,5,بَنَاهَا,"""constructed it",14,
75327,79,12,تِلْكَ,"""""""This""",31,
75328,79,12,إِذًا,then,32,
75569,80,30,وَحَدَائِقَ,And gardens,94,
75575,80,32,وَلِأَنْعَامِكُمْ,and for your cattle.,100,
75583,80,34,أَخِيهِ,"""his brother",108,
75598,80,39,مُسْتَبْشِرَةٌ,rejoicing at good news.,123,
75605,80,42,أُولَئِكَ,Those,130,
75726,82,5,نَفْسٌ,a soul,14,
75734,82,6,بِرَبِّكَ,concerning your Lord,22,
75752,82,10,لَحَافِظِينَ,"""(are) surely guardians",40,
76939,97,4,فِيهَا,"""therein",20,
77277,107,2,يَدُعُّ,repulses,7,
75780,82,18,أَدْرَاكَ,can make you know,68,
75329,79,12,كَرَّةٌ,(would be) a return,33,
75331,79,13,فَإِنَّمَا,Then only,35,
75851,83,14,كَلَّا,Nay!,59,
75332,79,13,هِيَ,it,36,
76291,87,14,تَزَكَّى,"""purifies (himself)",53,
75793,83,1,وَيْلٌ,Woe,1,
75794,83,1,لِلْمُطَفِّفِينَ,"""to those who give less",2,
75795,83,2,الَّذِينَ,Those who,3,
75796,83,2,إِذَا,when,4,
77278,107,2,الْيَتِيمَ,"""the orphan",8,
77279,107,3,وَلَا,And (does) not,9,
75192,78,21,إِنَّ,"""Indeed",69,
75222,78,29,أَحْصَيْنَاهُ,We have enumerated it,99,
77387,112,4,كُفُوًا,equivalent,14,
75835,83,11,بِيَوْمِ,(the) Day,43,
77401,113,3,وَقَبَ,it spreads,13,
76292,87,15,وَذَكَرَ,And remembers,54,
75435,79,39,هِيَ,it,139,
76636,91,6,وَالْأَرْضِ,And the earth,15,
75436,79,39,الْمَأْوَى,(is) the refuge.,140,
76637,91,6,وَمَا,and (He) Who,16,
76638,91,6,طَحَاهَا,"""spread it",17,
75262,78,38,وَالْمَلَائِكَةُ,and the Angels,139,
75278,78,39,اتَّخَذَ,let him,155,
75448,79,41,هِيَ,it (is),152,
75507,80,10,تَلَهَّى,(are) distracted.,32,
75601,80,40,عَلَيْهَا,upon them,126,
75602,80,40,غَبَرَةٌ,"""(will be) dust",127,
75603,80,41,تَرْهَقُهَا,Will cover them,128,
75604,80,41,قَتَرَةٌ,darkness.,129,
75844,83,13,إِذَا,When,52,
76293,87,15,اسْمَ,(the) name,55,
76294,87,15,رَبِّهِ,(of) his Lord,56,
75311,79,7,الرَّادِفَةُ,"""the subsequent",15,
75312,79,8,قُلُوبٌ,"""Hearts",16,
75317,79,10,يَقُولُونَ,"""They say",21,
75318,79,10,أَءِنَّا,"""""""Will we""",22,
76295,87,15,فَصَلَّى,and prays.,57,
76605,90,17,ءَامَنُوا,believe,66,
76623,91,1,وَضُحَاهَا,"""and its brightness",2,
76634,91,5,وَمَا,and (He) Who,13,
76639,91,7,وَنَفْسٍ,And (the) soul,18,
76640,91,7,وَمَا,and (He) Who,19,
76641,91,7,سَوَّاهَا,"""proportioned it",20,
76917,96,19,تُطِعْهُ,obey him.,70,
75313,79,8,يَوْمَئِذٍ,"""that Day",17,
75314,79,8,وَاجِفَةٌ,"""will palpitate",18,
75319,79,10,لَمَرْدُودُونَ,indeed be returned,23,
75320,79,10,فِي,to,24,
75144,78,8,وَخَلَقْنَاكُمْ,And We created you,21,
75176,78,17,كَانَ,is,53,
75182,78,18,فَتَأْتُونَ,and you will come forth,59,
75183,78,18,أَفْوَاجًا,"""(in) crowds",60,
75321,79,10,الْحَافِرَةِ,the former state?,25,
75322,79,11,أَءِذَا,What! When,26,
75323,79,11,كُنَّا,we are,27,
75324,79,11,عِظَامًا,bones,28,
75325,79,11,نَخِرَةً,"""decayed?""""""",29,
75523,80,17,قُتِلَ,Is destroyed,48,
75540,80,21,فَأَقْبَرَهُ,"""and provides a grave for him",65,
75310,79,7,تَتْبَعُهَا,Follows it,14,
75208,78,25,حَمِيمًا,scalding water,85,
75281,78,39,مَءَابًا,a return.,158,
75282,78,40,إِنَّا,Indeed We,159,
75283,78,40,أَنْذَرْنَاكُمْ,[We] have warned you,160,
75284,78,40,عَذَابًا,(of) a punishment,161,
75285,78,40,قَرِيبًا,near,162,
75286,78,40,يَوْمَ,(the) Day,163,
75287,78,40,يَنْظُرُ,will see,164,
75288,78,40,الْمَرْءُ,the man,165,
75290,78,40,قَدَّمَتْ,have sent forth,167,
75291,78,40,يَدَاهُ,his hands,168,
75292,78,40,وَيَقُولُ,and will say,169,
75293,78,40,الْكَافِرُ,"""the disbeliever",170,
75294,78,40,يَالَيْتَنِي,"""""""O I wish!""",171,
75295,78,40,كُنْتُ,I were,172,
75296,78,40,تُرَابًا,"""dust!""""""",173,
75297,79,1,وَالنَّازِعَاتِ,By those who extract,1,
75298,79,1,غَرْقًا,"""violently",2,
75299,79,2,وَالنَّاشِطَاتِ,And those who draw out,3,
75300,79,2,نَشْطًا,"""gently",4,
75301,79,3,وَالسَّابِحَاتِ,And those who glide,5,
75302,79,3,سَبْحًا,"""swimming",6,
75303,79,4,فَالسَّابِقَاتِ,And those who race each,7,
75304,79,4,سَبْقًا,"""(in) a race",8,
75305,79,5,فَالْمُدَبِّرَاتِ,And those who arrange,9,
75306,79,5,أَمْرًا,(the) matter.,10,
75307,79,6,يَوْمَ,(The) Day,11,
75308,79,6,تَرْجُفُ,will quake,12,
75309,79,6,الرَّاجِفَةُ,"""the quaking one",13,
75945,83,33,عَلَيْهِمْ,over them,153,
75946,83,33,حَافِظِينَ,(as) guardians.,154,
75947,83,34,فَالْيَوْمَ,So today,155,
75948,83,34,الَّذِينَ,those who,156,
75949,83,34,ءَامَنُوا,believed -,157,
75950,83,34,مِنَ,at,158,
75951,83,34,الْكُفَّارِ,the disbelievers,159,
75952,83,34,يَضْحَكُونَ,"""they will laugh",160,
75953,83,35,عَلَى,On,161,
75954,83,35,الْأَرَائِكِ,the thrones,162,
75955,83,35,يَنْظُرُونَ,observing.,163,
75956,83,36,هَلْ,Have (not),164,
75957,83,36,ثُوِّبَ,been rewarded,165,
75958,83,36,الْكُفَّارُ,the disbelievers,166,
75959,83,36,مَا,(for) what,167,
75960,83,36,كَانُوا,they used to,168,
75961,83,36,يَفْعَلُونَ,do?,169,
75962,84,1,إِذَا,When,1,
75963,84,1,السَّمَاءُ,the sky,2,
75964,84,1,انْشَقَّتْ,"""is split asunder",3,
75965,84,2,وَأَذِنَتْ,And has listened,4,
